ID,Pocket_Tag,Ligand
71796368,A:LYS:81,FMN
449710106,A:ARG:146,FMN
334300599,A:PRO:295,FAD
222477495,A:VAL:114,Vacant
113682530,A:LYS:75,FMN
233250297,A:GLU:231,FMN
541275105,A:ALA:32,FAD
278547305,A:HIS:54,FMN
175584783,A:CYS:25,FMN
54648853,A:SER:237,FAD
529117981,A:ASP:74,FMN
494712194,A:PHE:65,FMN
133566470,A:ARG:247,Vacant
240671914,A:ARG:173,FMN
146233630,A:GLY:15,FAD
92382259,A:MET:39,FMN
411302703,A:MET:304,FAD
361843796,A:HIS:139,Vacant
541275105,A:ARG:52,FMN
527712201,A:ILE:29,FMN
291351921,A:LYS:91,FMN
112093842,A:ARG:228,Vacant
340326589,A:ARG:153,FMN
356569831,A:THR:277,Vacant
351875420,A:LYS:23,FAD
A0A125RY22,A:TRP:252,Vacant
295054794,A:ALA:2,FMN
A8JHB7,A:ALA:497,Vacant
358306999,A:LYS:105,Vacant
246038755,A:GLN:85,FMN
256737937,A:ARG:219,FMN
468367523,A:GLU:82,FMN
278369052,A:TRP:246,Vacant
305342164,A:TYR:164,Vacant
77633948,A:SER:17,FMN
335037594,A:TYR:353,Vacant
166128618,A:HIS:170,FMN
270552710,A:LYS:322,FAD
380020287,A:SER:249,FMN
261026307,A:GLN:384,Vacant
40409002,A:ILE:117,FMN
250904959,A:ASP:36,FMN
450902512,A:ARG:4,FMN
125792205,A:PRO:382,Vacant
75661871,A:ASP:51,FAD
325922357,A:ALA:411,Vacant
123884586,A:HIS:37,FMN
191258171,A:LYS:16,FAD
381155278,A:GLN:13,Vacant
64830933,A:PHE:37,FMN
334300599,A:GLN:309,Vacant
473524153,A:PRO:590,FAD
231397270,A:GLU:134,FAD
383187,A:VAL:263,Vacant
219328999,A:LYS:1,Vacant
338136267,A:PRO:88,FMN
415073996,A:SER:116,FMN
373834241,A:VAL:55,Vacant
411302703,A:PHE:327,Vacant
83061614,A:GLY:220,Vacant
128258289,A:PRO:172,Vacant
454668112,A:ASP:201,FAD
444418530,A:ILE:173,FMN
310667108,A:VAL:211,Vacant
394732982,A:TYR:146,FMN
455443621,A:ARG:62,FAD
362540548,A:ASN:96,FMN
415352113,A:TRP:108,FMN
57743070,A:THR:162,Vacant
95516845,A:THR:150,FMN
231728280,A:TRP:314,FAD
3361801,A:GLY:497,Vacant
291312672,A:VAL:180,Vacant
52464783,A:TRP:57,FMN
232120194,A:LEU:92,Vacant
221976423,A:VAL:36,FAD
377243715,A:TYR:177,FMN
A0A125RY21,A:LEU:367,FMN
404390443,A:GLY:311,FAD
112982412,A:GLY:75,Vacant
409121054,A:LYS:213,Vacant
519447832,A:LYS:64,Vacant
261026307,A:PHE:409,Vacant
526080645,A:GLU:111,FMN
522929632,A:ALA:118,Vacant
511601575,A:HIS:31,FMN
463179544,A:PHE:292,Vacant
96756796,A:VAL:387,FAD
71133073,A:ARG:48,FAD
440064938,A:MET:293,Vacant
436393938,A:TYR:269,FMN
95516845,A:TYR:47,FMN
303484101,A:LEU:620,Vacant
130400504,A:ASN:72,FAD
B8G5D6,A:GLY:65,Vacant
36433119,A:ILE:79,Vacant
267368708,A:ASN:109,FMN
278547305,A:TYR:207,Vacant
115478895,A:PHE:18,FMN
488540978,A:HIS:292,Vacant
197633363,A:MET:158,Vacant
235883060,A:PHE:344,Vacant
414244861,A:ILE:255,Vacant
414788926,A:LEU:285,Vacant
9312249,A:SER:78,Vacant
156212662,A:ASN:411,FMN
441484921,A:ASP:139,FMN
80710586,A:GLU:109,FMN
186721533,A:ASP:199,FMN
95647511,A:ARG:329,Vacant
399538446,A:ILE:75,FMN
447063586,A:PHE:55,Vacant
160970591,A:LYS:83,FMN
171367567,A:GLU:173,FMN
403697450,A:ALA:114,Vacant
216145118,A:VAL:61,Vacant
401495804,A:PRO:188,FMN
88017246,A:ALA:202,Vacant
312107664,A:ARG:341,FAD
449101758,A:ARG:191,FMN
437979914,A:GLY:526,FAD
121946642,A:LEU:351,Vacant
474086268,A:PRO:236,FMN
204052506,A:TRP:190,Vacant
150293766,A:ARG:301,FMN
138391843,A:ILE:285,Vacant
526276036,A:THR:248,Vacant
492133658,A:ASP:84,Vacant
263284045,A:GLN:126,Vacant
130400504,A:ARG:292,Vacant
432443572,A:PHE:389,Vacant
120836718,A:MET:89,FMN
499351305,A:GLU:186,Vacant
222289624,A:GLU:79,FMN
170766739,A:ARG:141,Vacant
475260566,A:ARG:26,FMN
164323630,A:GLU:78,FAD
380020287,A:VAL:246,Vacant
486204909,A:CYS:209,FMN
424707753,A:ASP:390,FAD
207066579,A:GLN:182,FMN
38218013,A:PHE:213,Vacant
244264560,A:LYS:142,FMN
62562582,A:LEU:398,Vacant
35581631,A:ASP:228,Vacant
487971840,A:LYS:192,FMN
66654688,A:TRP:32,FMN
512207216,A:ALA:343,Vacant
381281047,A:HIS:123,FMN
449064425,A:TYR:150,FAD
184413691,A:SER:226,FAD
314126939,A:ASN:146,FAD
65453894,A:TYR:192,Vacant
84118190,A:LYS:105,FMN
166128618,A:ARG:314,FMN
237492210,A:LEU:233,Vacant
105376874,A:GLN:129,FMN
168450258,A:ALA:336,Vacant
119747725,A:ALA:30,FMN
75934523,A:VAL:56,FMN
403509661,A:ARG:31,FMN
404955441,A:ARG:65,FMN
383778104,A:ARG:79,FMN
439507375,A:ARG:234,FMN
436393938,A:ALA:120,Vacant
375982863,A:PHE:485,FMN
272007876,A:VAL:61,Vacant
249387061,A:SER:142,FMN
425874527,A:ARG:180,FAD
116345044,A:ALA:25,FMN
307824110,A:TYR:139,FMN
168688639,A:GLU:130,Vacant
146581103,A:ARG:235,FMN
92382259,A:GLY:139,Vacant
377787699,A:ARG:132,FAD
469651501,A:GLN:54,FMN
287674702,A:LEU:272,Vacant
240671914,A:GLU:133,Vacant
3240637,A:TRP:28,FMN
103946733,A:ARG:296,FMN
493882142,A:MET:123,Vacant
496579841,A:GLN:305,FMN
190399151,A:LEU:305,Vacant
415832674,A:VAL:178,Vacant
166072603,A:PHE:170,FMN
438014009,A:LEU:313,Vacant
108267648,A:ALA:36,FMN
459359072,A:PRO:102,FMN
207066579,A:GLU:133,Vacant
221339322,A:LEU:114,Vacant
432326845,A:ARG:147,Vacant
231208034,A:LYS:534,FAD
54648853,A:TYR:310,Vacant
487971840,A:SER:16,Vacant
357929464,A:ARG:132,FMN
539347277,A:CYS:56,FMN
321052417,A:SER:97,FMN
259495479,A:PHE:342,FMN
463006858,A:ARG:45,Vacant
259174325,A:THR:13,Vacant
516270450,A:VAL:463,Vacant
180149853,A:PRO:107,FMN
E8PRF1,A:GLN:208,Vacant
151266629,A:ARG:191,FAD
133566470,A:CYS:557,Vacant
271743248,A:MET:110,Vacant
36174217,A:LYS:297,Vacant
20654608,A:ALA:80,Vacant
526948399,A:MET:45,Vacant
193710048,A:MET:71,FMN
240713642,A:CYS:101,FMN
40122160,A:GLU:294,FMN
322167210,A:ILE:32,FAD
415073996,A:LEU:372,Vacant
69107708,A:HIS:86,Vacant
520109197,A:LEU:146,FMN
501078035,A:LYS:95,FMN
280602381,A:LYS:324,FAD
181517341,A:PRO:388,FAD
455502670,A:MET:403,Vacant
206081151,A:MET:73,Vacant
309752793,A:ARG:48,FMN
149322859,A:ILE:360,FMN
212559548,A:PHE:66,Vacant
322167210,A:LEU:423,Vacant
505469065,A:ARG:270,FAD
432443572,A:ALA:235,FAD
231397270,A:GLN:110,FAD
185773877,A:LYS:75,Vacant
530923865,A:TYR:112,FAD
120860500,A:LEU:222,Vacant
239269589,A:ALA:278,FAD
326657152,A:TYR:155,FMN
152125317,A:VAL:242,Vacant
420314890,A:ARG:121,Vacant
421017721,A:ILE:5,Vacant
403697450,A:ARG:144,FMN
106893250,A:GLN:44,FMN
51300695,A:GLY:70,FMN
239269589,A:LEU:401,Vacant
331424109,A:ASP:316,FMN
154708104,A:PRO:143,Vacant
289486212,A:ILE:130,FMN
219438326,A:VAL:249,Vacant
122414363,A:ASN:330,FMN
120836718,A:SER:13,FMN
138968164,A:ARG:220,FMN
288070717,A:HIS:188,FAD
3256338,A:ASN:130,FMN
154827438,A:GLN:354,FAD
51233783,A:VAL:89,Vacant
513716589,A:LEU:304,FMN
351835641,A:THR:104,FMN
207793563,A:GLY:303,FMN
272451681,A:ALA:176,Vacant
393094993,A:LYS:295,Vacant
175986622,A:ILE:1089,FAD
282838812,A:HIS:182,FMN
255474755,A:LYS:168,FMN
515139629,A:ARG:192,FMN
130387336,A:ALA:102,FMN
212645618,A:VAL:317,FAD
318430691,A:GLU:180,FMN
440435683,A:PHE:162,FMN
288175026,A:THR:29,FAD
191567131,A:PRO:282,Vacant
267169457,A:ARG:418,FAD
168370816,A:MET:211,FAD
77749646,A:SER:137,Vacant
204052506,A:ASN:355,Vacant
317785558,A:GLY:126,FMN
471074813,A:ARG:221,FMN
463006858,A:SER:138,FAD
529117981,A:ILE:35,FMN
164323630,A:GLU:74,Vacant
141467174,A:ASP:256,Vacant
520833538,A:LEU:140,Vacant
253857537,A:LEU:92,FAD
52776246,A:LYS:122,Vacant
33008819,A:TRP:295,Vacant
205325165,A:ASN:27,FMN
120860500,A:ASN:92,FAD
17667031,A:ALA:309,FMN
373277494,A:VAL:88,Vacant
507922724,A:LEU:42,FMN
46119332,A:THR:337,FMN
404955441,A:SER:105,FMN
471202567,A:GLU:84,FMN
349829286,A:LEU:76,Vacant
265144122,A:ASP:99,Vacant
194877311,A:LEU:380,Vacant
494063786,A:PRO:172,FMN
339103140,A:ASP:79,Vacant
202869804,A:GLY:175,Vacant
9473870,A:GLY:97,FMN
467658976,A:ASP:75,Vacant
71106220,A:ASP:45,Vacant
138474662,A:GLY:115,FAD
313501200,A:MET:33,FMN
191202538,A:PHE:432,Vacant
410354521,A:ARG:337,Vacant
A0A9C6SB38,A:ARG:23,Vacant
314126939,A:TYR:74,FMN
319383260,A:HIS:259,FAD
320668222,A:LEU:391,Vacant
411995816,A:LYS:268,FMN
137848293,A:VAL:124,FMN
311733489,A:ARG:106,FMN
157124883,A:SER:41,FMN
34028236,A:VAL:98,Vacant
421906553,A:HIS:58,Vacant
55955903,A:THR:291,FAD
236364750,A:GLU:269,Vacant
106230728,A:TYR:253,FAD
542225501,A:VAL:9,Vacant
168370816,A:ARG:36,FAD
217294980,A:ALA:11,FMN
90079730,A:LEU:232,Vacant
62562582,A:VAL:98,FMN
28224313,A:GLY:18,FMN
61773571,A:HIS:317,FAD
208489082,A:LEU:534,Vacant
50688227,A:PRO:35,Vacant
157819600,A:PRO:412,Vacant
194057482,A:ASP:68,Vacant
52776246,A:LYS:145,Vacant
542225501,A:PHE:57,Vacant
143851524,A:TRP:166,FAD
267368708,A:THR:32,FMN
514365824,A:THR:36,FMN
312164139,A:PHE:181,FMN
533377517,A:TYR:78,FMN
126446187,A:PHE:125,FMN
305342164,A:THR:123,Vacant
250136466,A:GLU:81,FMN
412727650,A:PHE:90,Vacant
424681336,A:ARG:4,FMN
243832631,A:PHE:126,FMN
356569831,A:THR:53,FMN
246680090,A:ILE:4,Vacant
80979418,A:GLN:259,FAD
541840664,A:MET:112,FAD
497077768,A:ASN:96,FAD
307414615,A:GLY:344,FAD
171772425,A:THR:23,Vacant
317269322,A:ILE:392,Vacant
441653965,A:ARG:24,FMN
441528943,A:GLU:372,FMN
157319042,A:ASP:410,Vacant
282309377,A:CYS:224,FMN
191567131,A:HIS:40,FAD
169808853,A:VAL:266,FAD
223129594,A:PRO:87,FMN
10610180,A:ARG:321,FAD
370495691,A:GLU:8,Vacant
303558176,A:VAL:377,FAD
440064938,A:ASP:345,FAD
168450258,A:GLN:226,FMN
10705807,A:GLU:147,FMN
484271879,A:VAL:40,Vacant
312920580,A:ASP:98,FMN
182318145,A:ALA:258,Vacant
526475834,A:GLU:121,FMN
343411503,A:GLN:14,FMN
132382665,A:ALA:28,FMN
304159920,A:SER:88,FMN
22259875,A:GLN:46,FMN
410260211,A:THR:273,Vacant
270552710,A:VAL:25,FAD
445447939,A:VAL:121,FMN
A0A125RY22,A:HIS:107,Vacant
356232315,A:ALA:391,Vacant
181496692,A:PHE:327,Vacant
163670983,A:GLU:108,FMN
254041836,A:ARG:94,FMN
67830464,A:ALA:436,FMN
378506313,A:GLU:159,FMN
10610180,A:LEU:101,Vacant
60202917,A:TYR:52,FAD
311754120,A:ARG:32,Vacant
104537308,A:GLY:164,FMN
316655500,A:TYR:447,FMN
375982863,A:GLY:207,FMN
115478895,A:GLN:3,FMN
154492702,A:TRP:45,Vacant
475008207,A:LEU:1,Vacant
525902728,A:GLU:239,FMN
61167386,A:HIS:391,Vacant
476447307,A:GLU:326,Vacant
24356613,A:GLU:34,FMN
496797972,A:THR:233,FAD
96362523,A:ILE:84,Vacant
249387061,A:ILE:56,FMN
415832674,A:PHE:59,FAD
284977219,A:ARG:106,FMN
164292803,A:ILE:195,Vacant
A0A125RY21,A:HIS:165,Vacant
302091459,A:GLU:90,FMN
292213728,A:ARG:147,FAD
33596321,A:ARG:75,Vacant
284904688,A:ASP:53,FAD
344696568,A:ARG:35,FMN
135656449,A:ARG:160,Vacant
399959222,A:GLU:126,Vacant
206081151,A:SER:58,FAD
175986622,A:ASP:508,FAD
281524029,A:ASP:133,FMN
350821305,A:ILE:227,Vacant
197838989,A:PRO:313,FAD
408046553,A:ARG:81,FMN
58048332,A:GLU:113,FMN
250912571,A:ARG:111,FMN
212333432,A:LEU:361,Vacant
162847298,A:GLY:11,FMN
502712320,A:VAL:132,FMN
208861200,A:ILE:39,FMN
141092292,A:PRO:89,FAD
539347277,A:LEU:83,Vacant
530172042,A:VAL:200,FAD
424543166,A:GLN:297,Vacant
428884859,A:THR:58,FMN
111514259,A:ARG:103,FAD
77212430,A:VAL:344,FAD
104537308,A:THR:165,FAD
38040084,A:LEU:169,Vacant
181109863,A:TRP:65,FAD
164954628,A:VAL:6,FMN
128258289,A:GLY:245,Vacant
269041363,A:ARG:340,FMN
472489542,A:GLY:309,FMN
109664249,A:PHE:342,Vacant
219819842,A:SER:79,Vacant
193605172,A:LEU:133,Vacant
289486212,A:LEU:402,Vacant
421555882,A:GLU:48,FAD
356232315,A:ARG:80,FAD
414244861,A:LEU:397,Vacant
215969960,A:ALA:311,Vacant
87601385,A:GLU:23,Vacant
300537213,A:THR:93,FAD
289470099,A:TYR:166,Vacant
527376792,A:THR:186,FMN
266154732,A:LEU:299,FMN
441643515,A:ALA:362,Vacant
354515777,A:TYR:149,Vacant
504541123,A:THR:204,Vacant
295323410,A:GLY:170,FMN
451529982,A:ASP:284,FMN
524901391,A:ILE:91,Vacant
415338057,A:VAL:34,FMN
162847298,A:VAL:15,Vacant
405084432,A:ASN:87,FMN
102618981,A:ILE:96,Vacant
73029090,A:PHE:51,Vacant
448498636,A:SER:329,FMN
261026307,A:GLU:102,FAD
369269426,A:ASN:170,FMN
28244910,A:LEU:230,Vacant
432443572,A:GLN:399,Vacant
111522912,A:SER:121,FMN
208861200,A:ILE:6,Vacant
25937046,A:THR:101,FMN
348343678,A:ASN:335,FAD
314370864,A:SER:229,FMN
199708662,A:PHE:415,Vacant
95485301,A:ASP:106,FMN
328276803,A:ASP:127,FMN
475598212,A:TYR:158,FMN
313039667,A:MET:2,FAD
415338057,A:GLU:126,FMN
476921570,A:ASN:181,FMN
137848293,A:ILE:4,FMN
513434085,A:GLU:69,FMN
351875420,A:HIS:69,FAD
85576803,A:THR:108,Vacant
445447939,A:THR:47,Vacant
35941295,A:CYS:114,Vacant
361843796,A:LEU:339,Vacant
237492210,A:GLY:218,FAD
501885686,A:ILE:60,Vacant
218684400,A:LYS:181,FMN
103946733,A:GLU:184,Vacant
117894226,A:ILE:364,Vacant
312848546,A:LYS:37,Vacant
354515777,A:ALA:69,Vacant
119868687,A:GLU:118,Vacant
523080972,A:PRO:50,FMN
367386625,A:ALA:185,Vacant
139894204,A:ASN:24,FMN
488540978,A:GLN:42,FMN
372235342,A:PRO:100,Vacant
428440769,A:LYS:319,FMN
62848790,A:GLU:51,Vacant
541840664,A:ASN:13,Vacant
104436268,A:LYS:129,FMN
403610612,A:ASP:46,FMN
109664249,A:TRP:159,FAD
520563670,A:PRO:273,Vacant
328276803,A:TYR:63,Vacant
9312249,A:MET:111,FAD
167867892,A:ARG:114,FMN
494712194,A:THR:27,FMN
483228780,A:THR:42,FMN
63997999,A:HIS:80,FMN
445913444,A:GLU:194,Vacant
197633363,A:GLN:7,FMN
317269322,A:GLU:401,FMN
389105778,A:MET:46,Vacant
414989151,A:ILE:121,Vacant
269900819,A:PHE:39,FMN
212333432,A:VAL:261,FAD
482132193,A:ALA:196,FMN
512713966,A:ARG:11,FMN
231208034,A:ASN:786,Vacant
151607904,A:ARG:141,FAD
9473870,A:ALA:198,Vacant
288023440,A:SER:227,FMN
496579841,A:GLN:286,FAD
245679359,A:LEU:302,Vacant
A0A8T2W1D9,A:PRO:413,FMN
354245196,A:ARG:35,Vacant
455005289,A:LEU:269,Vacant
258977809,A:SER:78,FMN
403509661,A:HIS:138,FMN
364158992,A:ARG:582,FAD
77749646,A:VAL:316,Vacant
450090590,A:GLY:177,FAD
A0A8T2W1D9,A:MET:224,Vacant
476447307,A:GLN:344,FAD
165767233,A:PHE:308,Vacant
107872384,A:PHE:58,FMN
237690992,A:ARG:248,FMN
75661871,A:HIS:291,Vacant
413427787,A:ARG:223,FMN
207793563,A:HIS:107,FMN
414989151,A:ARG:82,FMN
533583008,A:SER:245,Vacant
498421743,A:SER:63,FMN
335288465,A:CYS:115,Vacant
239407727,A:ARG:318,Vacant
255275177,A:SER:94,FMN
524901391,A:HIS:144,Vacant
95516845,A:LYS:174,Vacant
28719723,A:ALA:16,Vacant
A0A125RY23,A:THR:219,Vacant
76426760,A:SER:19,FMN
139151135,A:LEU:94,Vacant
288485551,A:ARG:5,FMN
263261907,A:VAL:17,FMN
393094993,A:LYS:49,FMN
468867532,A:VAL:8,FMN
399959222,A:LEU:134,FMN
257463051,A:ARG:154,FMN
69107708,A:GLN:295,FAD
191258171,A:LYS:288,Vacant
405084432,A:THR:124,FMN
320121014,A:GLU:181,Vacant
267169457,A:VAL:12,Vacant
242593152,A:LEU:89,Vacant
419040317,A:LEU:139,Vacant
224537331,A:PRO:74,Vacant
7711802,A:ARG:232,Vacant
19195364,A:LEU:289,Vacant
397837724,A:ASP:434,FAD
463351004,A:GLU:422,FMN
455005289,A:MET:319,Vacant
254389273,A:MET:265,Vacant
369269426,A:ILE:123,FMN
36433119,A:ILE:11,FMN
323374190,A:TYR:166,Vacant
3256338,A:ARG:106,FMN
520563670,A:SER:337,FAD
394732982,A:VAL:128,Vacant
149731599,A:LYS:81,FMN
519447832,A:GLN:24,Vacant
134523246,A:TYR:81,Vacant
245374271,A:ASP:561,FAD
108461324,A:TYR:87,FAD
63997999,A:PRO:103,FMN
361949256,A:ASN:29,Vacant
511601575,A:THR:431,Vacant
182231416,A:ASP:27,FMN
352536825,A:MET:215,Vacant
355664566,A:ASP:82,FMN
279676054,A:GLN:187,Vacant
211839940,A:ILE:307,Vacant
246680090,A:GLY:151,FMN
434781328,A:ASP:115,Vacant
24478479,A:ASN:548,Vacant
96756796,A:PRO:221,Vacant
139151135,A:MET:54,Vacant
4436753,A:ILE:31,FMN
491780329,A:ALA:423,FMN
437979914,A:THR:176,FAD
396361381,A:ASN:170,FMN
340326589,A:SER:41,Vacant
82287731,A:TRP:244,FAD
185323765,A:VAL:344,Vacant
310799499,A:VAL:22,Vacant
28224313,A:ASN:143,FMN
529670781,A:ALA:396,FMN
498421743,A:LYS:179,Vacant
516252677,A:ILE:244,Vacant
332223602,A:TYR:139,FMN
522929632,A:PHE:279,FMN
82200926,A:HIS:9,FAD
67651057,A:MET:117,FMN
278247883,A:LEU:386,Vacant
B0KAH1,A:TYR:261,Vacant
316655500,A:ASP:415,Vacant
117703914,A:SER:74,FMN
323337225,A:ARG:431,Vacant
403610612,A:ARG:115,FMN
96633761,A:THR:184,Vacant
312920580,A:PHE:77,FMN
447063586,A:PHE:133,FMN
228434823,A:HIS:238,FAD
5601448,A:TRP:41,FMN
151266629,A:LEU:213,Vacant
156212662,A:HIS:61,FAD
124203666,A:LYS:290,Vacant
98834182,A:ILE:27,FMN
W0T2Q3,A:ASP:73,Vacant
377243715,A:ASN:89,Vacant
157974772,A:GLU:296,FMN
523746160,A:LEU:484,FAD
356569831,A:ASN:239,FMN
485752733,A:ARG:148,FMN
85576803,A:PHE:321,Vacant
149297064,A:GLN:361,FMN
438014009,A:ARG:262,Vacant
505469065,A:LYS:292,Vacant
117502717,A:HIS:63,FMN
33008819,A:VAL:159,Vacant
119747725,A:VAL:75,FMN
294347785,A:ALA:403,FAD
370495691,A:ALA:178,FMN
254389273,A:ARG:315,FMN
278369052,A:LEU:26,FAD
441528943,A:ARG:220,FAD
357677576,A:SER:74,FMN
450090590,A:TRP:231,Vacant
185326630,A:ARG:240,FMN
330505845,A:GLU:176,Vacant
229714426,A:GLY:82,FAD
530965091,A:THR:195,Vacant
191202538,A:MET:347,FAD
484329139,A:LEU:82,Vacant
111237316,A:LEU:41,FMN
467658976,A:GLN:106,FMN
366060019,A:LEU:24,Vacant
354245196,A:GLU:108,FMN
314430593,A:ARG:27,FMN
275985243,A:ARG:163,FMN
415073996,A:PHE:247,FAD
222477495,A:THR:224,FAD
32295509,A:TRP:24,FMN
135656449,A:ASN:147,FMN
431813792,A:TRP:158,FMN
197163925,A:MET:89,Vacant
130387336,A:LEU:21,FMN
357929464,A:HIS:169,FAD
26349282,A:ASN:166,FMN
408046553,A:GLY:73,FMN
39128106,A:PRO:223,Vacant
526948399,A:VAL:190,FMN
440435683,A:CYS:54,FAD
33893263,A:SER:78,FMN
3574022,A:THR:216,FMN
314464604,A:GLY:284,Vacant
449101758,A:HIS:151,FMN
364811145,A:GLY:16,FMN
35941295,A:LYS:3,Vacant
417867507,A:PHE:96,FMN
322421431,A:ILE:48,Vacant
132996707,A:TRP:271,Vacant
82287731,A:ARG:94,Vacant
141092292,A:GLY:145,FAD
137848293,A:LYS:145,FMN
434895815,A:GLU:33,FMN
373834241,A:GLU:257,FAD
354515777,A:GLU:193,FMN
307414615,A:ARG:240,FMN
275985243,A:GLN:155,Vacant
37603356,A:GLN:263,FMN
373277494,A:LEU:216,Vacant
182231416,A:ASP:146,Vacant
431917165,A:GLN:294,FMN
501806778,A:SER:167,Vacant
82259080,A:TYR:12,FMN
35571206,A:MET:81,Vacant
133566470,A:TRP:79,Vacant
3869560,A:LEU:441,Vacant
250136466,A:ASP:97,Vacant
309752793,A:GLN:44,FMN
56444273,A:ALA:248,Vacant
105376874,A:ARG:145,FMN
358306999,A:TYR:193,Vacant
42494339,A:TRP:243,Vacant
31312203,A:LYS:132,Vacant
463344402,A:LEU:33,FMN
277500112,A:GLY:73,FMN
138597789,A:HIS:82,FAD
106230728,A:SER:75,Vacant
168189572,A:PHE:148,Vacant
354051044,A:ASN:111,Vacant
27320571,A:HIS:6,Vacant
247621064,A:ILE:75,Vacant
428857580,A:ILE:56,FAD
226989427,A:LYS:505,FAD
181496692,A:LEU:204,FMN
168171702,A:LEU:128,Vacant
399538446,A:PHE:52,FMN
303735795,A:LEU:239,Vacant
296365706,A:PRO:168,Vacant
198146244,A:CYS:25,FMN
75334907,A:LEU:357,Vacant
38040084,A:GLU:301,Vacant
77633948,A:ARG:93,FAD
194057482,A:ARG:63,Vacant
498360587,A:ARG:384,Vacant
280312891,A:LEU:321,FAD
454546777,A:LYS:55,Vacant
295054794,A:ARG:111,Vacant
421555882,A:ARG:252,Vacant
126446187,A:VAL:21,Vacant
113682530,A:ILE:48,FMN
404601382,A:GLN:126,FMN
138391843,A:SER:343,FAD
499351305,A:GLU:133,Vacant
518524590,A:LYS:171,Vacant
270392765,A:ARG:137,FMN
144617581,A:LEU:9,FAD
69928109,A:CYS:206,Vacant
288485551,A:VAL:94,Vacant
326657152,A:GLY:151,FMN
359134054,A:PRO:120,Vacant
525902728,A:GLU:398,FMN
400749627,A:ARG:70,Vacant
404390443,A:LEU:321,FMN
84576788,A:ALA:221,Vacant
386896080,A:VAL:132,FMN
43528210,A:HIS:134,FMN
534403135,A:SER:44,FMN
160822550,A:ILE:116,FMN
375799688,A:ASN:248,Vacant
76047428,A:ASN:126,Vacant
324424475,A:SER:344,FMN
184555006,A:LEU:51,Vacant
375799688,A:PRO:269,Vacant
463179544,A:GLY:11,Vacant
94729605,A:PHE:331,Vacant
377243715,A:ASP:95,Vacant
182318145,A:GLU:261,Vacant
494604865,A:PHE:85,Vacant
33893263,A:ASP:15,FMN
100660032,A:LEU:261,FMN
83940755,A:ASP:65,FMN
279676054,A:PRO:98,Vacant
437979914,A:ALA:194,FAD
52281212,A:ARG:25,Vacant
48969270,A:GLN:48,FMN
56444273,A:ALA:17,Vacant
231208034,A:PRO:119,Vacant
175986622,A:SER:450,FAD
219819842,A:PRO:93,FMN
202495963,A:ALA:130,FAD
190671592,A:ILE:255,FAD
338136267,A:PHE:226,FMN
356232315,A:ASP:133,FAD
72180505,A:HIS:105,FMN
106538431,A:GLN:44,FMN
373957602,A:MET:194,Vacant
291312672,A:LEU:218,FMN
522676886,A:MET:94,FMN
369748344,A:SER:219,FMN
193624384,A:TRP:185,Vacant
154052383,A:ILE:11,FMN
255784874,A:GLU:208,Vacant
278369052,A:LEU:123,Vacant
417025312,A:PRO:358,Vacant
455005289,A:VAL:127,FAD
215969960,A:VAL:174,Vacant
123884586,A:THR:31,FAD
102618981,A:LYS:193,FMN
123505592,A:PHE:59,Vacant
370697643,A:ARG:145,FMN
O31246,A:PRO:30,Vacant
62848790,A:ARG:38,FAD
357150317,A:ASN:514,Vacant
A0A8A1QR26,A:ILE:281,FAD
41899005,A:ASP:400,Vacant
501078035,A:ASP:116,FMN
472489542,A:ARG:278,FAD
E8PRF1,A:ARG:121,Vacant
453210906,A:ARG:66,FMN
463179544,A:LEU:169,FAD
515139629,A:LEU:65,Vacant
92505460,A:ILE:10,Vacant
248716876,A:MET:34,FMN
177557481,A:LEU:247,Vacant
437698169,A:ASN:62,FAD
409164437,A:PRO:73,FAD
300537213,A:ARG:177,FMN
369748344,A:ILE:54,Vacant
428884859,A:ARG:13,FMN
114477705,A:ARG:44,FMN
453210906,A:ARG:13,FMN
113682530,A:ILE:103,Vacant
138597789,A:VAL:168,Vacant
199883583,A:ALA:364,Vacant
54417318,A:THR:119,FAD
77301241,A:ARG:162,FAD
506410366,A:ARG:249,Vacant
139490486,A:GLU:200,Vacant
250622097,A:MET:228,FMN
338254639,A:GLU:182,Vacant
258373420,A:THR:264,FAD
212657138,A:PRO:163,FMN
160970591,A:PRO:82,Vacant
154827438,A:VAL:407,Vacant
202495963,A:LEU:51,Vacant
168688639,A:SER:70,FMN
257844717,A:GLY:385,FMN
188989806,A:HIS:177,FMN
157819600,A:ASP:76,FMN
144933297,A:GLY:338,FMN
36011942,A:GLY:121,FMN
127239973,A:GLY:50,Vacant
32295509,A:GLU:131,FMN
492648506,A:ASP:135,FMN
187911232,A:PRO:145,FMN
106230728,A:ALA:102,FMN
19195364,A:TRP:167,Vacant
438798438,A:ILE:12,Vacant
474086268,A:THR:249,Vacant
146215628,A:LEU:518,Vacant
102774811,A:GLU:99,Vacant
396868187,A:PHE:157,FAD
402923781,A:ARG:113,Vacant
368026323,A:LEU:194,Vacant
522758708,A:PHE:137,FMN
263073772,A:TRP:317,Vacant
229046200,A:ARG:226,FMN
364811145,A:ILE:65,Vacant
343154367,A:SER:368,FMN
197633363,A:TYR:54,FMN
370638479,A:SER:399,Vacant
208386502,A:SER:102,FMN
3869560,A:ARG:27,FMN
521324260,A:TYR:152,FMN
521324260,A:CYS:53,FMN
506410366,A:LEU:312,Vacant
89637857,A:THR:90,FMN
146233630,A:PHE:53,Vacant
323700997,A:PHE:18,FAD
355791000,A:ALA:217,Vacant
420314890,A:ASP:110,FMN
40409002,A:GLN:31,Vacant
497686701,A:TRP:162,Vacant
135928275,A:LYS:106,Vacant
67830464,A:PHE:282,FMN
115197840,A:LEU:488,Vacant
189052546,A:LEU:68,FMN
225598303,A:LEU:429,Vacant
163670983,A:ILE:281,Vacant
255275177,A:THR:61,FMN
226598511,A:ARG:77,FMN
E8PRF1,A:ALA:56,Vacant
240713642,A:LYS:165,Vacant
62848790,A:LEU:239,Vacant
340773108,A:GLY:32,FMN
305836211,A:GLY:199,Vacant
157319042,A:ASP:77,FMN
256737937,A:PHE:167,FMN
33893263,A:GLU:117,Vacant
459659981,A:ASP:318,Vacant
461615061,A:THR:137,Vacant
401384102,A:TRP:244,Vacant
437451621,A:ARG:105,Vacant
185773877,A:MET:44,FAD
452056827,A:ARG:233,FAD
189454983,A:HIS:82,FMN
316288404,A:MET:395,Vacant
245374271,A:PHE:266,Vacant
327316949,A:GLY:100,FMN
400749627,A:LEU:293,Vacant
107109189,A:ILE:89,Vacant
33475909,A:LEU:245,Vacant
400079438,A:ILE:327,FMN
521607072,A:PHE:39,Vacant
279542561,A:VAL:79,Vacant
87639630,A:ARG:33,FAD
492648506,A:LEU:372,Vacant
124203666,A:LEU:82,FAD
358231899,A:VAL:124,Vacant
54648853,A:PHE:42,Vacant
361223565,A:GLY:159,FAD
331893589,A:ILE:237,Vacant
189454983,A:VAL:26,FMN
320668222,A:ARG:407,FAD
401384102,A:ILE:233,FMN
141467174,A:HIS:154,FAD
482132193,A:THR:89,Vacant
226890885,A:GLN:64,Vacant
522287232,A:TYR:181,Vacant
202042454,A:LEU:278,Vacant
Q5NLA1,A:ARG:316,FMN
95485301,A:PHE:78,Vacant
416708930,A:GLN:295,Vacant
83719778,A:ARG:104,FMN
138391843,A:ASN:339,FMN
4436753,A:ARG:68,FMN
68740360,A:LEU:74,Vacant
150293766,A:GLU:373,FMN
187250765,A:ASP:93,FMN
401845062,A:ARG:395,Vacant
281524029,A:TYR:97,FMN
66654688,A:GLY:84,FMN
247134817,A:ILE:35,Vacant
250622097,A:TYR:205,Vacant
362887443,A:TYR:147,Vacant
168370816,A:ASN:167,FMN
362540548,A:ARG:158,FMN
120836718,A:LEU:194,FMN
170243992,A:PHE:220,Vacant
494604865,A:GLY:25,FAD
452841247,A:GLY:13,Vacant
158278097,A:ASP:141,FAD
384385464,A:GLN:107,FAD
46119332,A:VAL:392,Vacant
351835641,A:PHE:94,FMN
322745425,A:TRP:167,Vacant
364158992,A:LYS:718,FAD
9503541,A:GLN:367,FMN
331893589,A:ALA:299,FMN
246514103,A:ARG:408,FMN
197079088,A:GLU:83,Vacant
154708104,A:HIS:85,FMN
239269589,A:ARG:308,FAD
240713642,A:VAL:189,Vacant
406988274,A:PHE:4,FMN
414654221,A:ARG:416,FAD
238787926,A:ARG:338,Vacant
67461850,A:PRO:271,FAD
92382259,A:SER:6,FMN
17667031,A:HIS:166,Vacant
386472867,A:ASP:159,FMN
464653646,A:HIS:22,FAD
221078748,A:ALA:75,FMN
278194621,A:ASN:436,FAD
150293766,A:GLU:28,FMN
91231130,A:GLY:222,FMN
539503707,A:TYR:96,Vacant
307541892,A:SER:126,FMN
415352113,A:PHE:143,FMN
526080645,A:TRP:140,FMN
445350610,A:LYS:14,FMN
199883583,A:ASP:200,FAD
270703491,A:VAL:12,FAD
373834241,A:ASN:283,Vacant
132810579,A:VAL:285,Vacant
31334458,A:GLN:22,Vacant
193710048,A:ASP:86,Vacant
67461850,A:ARG:246,FMN
529117981,A:SER:71,FMN
102774811,A:ILE:37,Vacant
350359741,A:PHE:838,FAD
498421743,A:TYR:39,FMN
367824030,A:THR:112,Vacant
88539660,A:GLY:246,FMN
303484101,A:MET:624,Vacant
135629419,A:THR:22,FAD
284904688,A:LEU:206,Vacant
541840664,A:ALA:18,FMN
256822958,A:ASP:128,FAD
229046200,A:SER:222,FAD
104436268,A:HIS:95,Vacant
399959222,A:LEU:179,FMN
127239973,A:ILE:169,FMN
493882142,A:VAL:314,FAD
498360587,A:ALA:98,FAD
369269426,A:LEU:87,Vacant
505852911,A:PRO:382,FAD
307541892,A:MET:13,FMN
377566249,A:LEU:139,Vacant
237690992,A:GLN:25,Vacant
246038755,A:HIS:77,FMN
305342164,A:PHE:87,Vacant
373138418,A:THR:236,Vacant
379015055,A:TYR:382,FAD
307824110,A:HIS:387,FMN
143851524,A:ARG:69,Vacant
212484732,A:ASN:40,FAD
338254639,A:GLU:87,Vacant
27359990,A:THR:82,Vacant
449351935,A:ASN:110,FAD
205325165,A:TRP:15,FMN
449710106,A:ARG:335,Vacant
539503707,A:SER:27,FMN
327316949,A:MET:36,FMN
54417318,A:HIS:301,FAD
343629113,A:VAL:156,FAD
257256731,A:TRP:48,Vacant
258373420,A:LEU:154,Vacant
89637857,A:SER:27,Vacant
355664566,A:SER:77,FMN
123505592,A:ARG:156,FMN
431917165,A:MET:24,Vacant
294347785,A:GLY:25,FAD
484271879,A:ASP:79,FAD
94240117,A:GLU:293,Vacant
312848546,A:SER:154,FMN
256498056,A:PRO:214,Vacant
367824030,A:ARG:73,FMN
492067606,A:ASP:390,FMN
197838989,A:HIS:20,Vacant
420874773,A:THR:343,Vacant
446583079,A:LYS:139,FMN
55955903,A:PHE:254,Vacant
423355489,A:ARG:147,Vacant
463006858,A:ILE:17,FMN
181508660,A:ARG:76,FMN
351286708,A:MET:137,Vacant
58208332,A:ILE:95,Vacant
73185827,A:GLY:45,FMN
108461324,A:HIS:148,FAD
388575933,A:ASP:285,FAD
468011807,A:GLY:306,FMN
292621791,A:PHE:375,Vacant
199883583,A:MET:464,Vacant
10705807,A:LEU:98,FMN
445350610,A:ILE:75,Vacant
471202567,A:VAL:93,Vacant
206834560,A:ASN:306,FAD
360652090,A:HIS:80,FMN
208386502,A:ALA:73,Vacant
415338057,A:LEU:176,FMN
476921570,A:GLN:124,FMN
65999646,A:MET:12,FMN
332223602,A:SER:41,FMN
370887136,A:THR:103,Vacant
529306544,A:THR:36,FAD
50688227,A:GLN:66,FMN
428725278,A:VAL:130,FAD
415832674,A:THR:254,FMN
492133658,A:ALA:63,Vacant
169808853,A:VAL:347,Vacant
530965091,A:VAL:123,FMN
293198074,A:VAL:161,Vacant
282838812,A:LYS:74,FMN
49993375,A:VAL:66,Vacant
173723126,A:LEU:381,Vacant
157124883,A:CYS:14,Vacant
41899005,A:HIS:105,FMN
277500112,A:LYS:66,FMN
524901391,A:TYR:135,Vacant
35941295,A:THR:58,FMN
386896080,A:ALA:110,Vacant
82200926,A:ARG:148,FAD
530923865,A:ALA:397,Vacant
245446843,A:GLU:108,FMN
522676886,A:GLU:212,Vacant
361949256,A:GLY:88,FMN
522929632,A:THR:246,FMN
224537331,A:GLN:75,FMN
320750577,A:ILE:220,Vacant
136466544,A:ARG:129,FMN
514158062,A:ARG:97,FAD
469925098,A:TYR:54,FMN
354051044,A:VAL:80,Vacant
168189572,A:LYS:135,FMN
377783177,A:ASP:137,FMN
322167210,A:GLU:352,FAD
51595442,A:ALA:66,FMN
163670983,A:THR:55,Vacant
242467352,A:TRP:110,FMN
45367135,A:ILE:330,Vacant
447398376,A:MET:246,Vacant
233250297,A:TYR:143,FMN
74610246,A:ARG:97,FMN
88567339,A:VAL:210,FMN
218848720,A:VAL:243,Vacant
54417318,A:GLU:212,Vacant
278247883,A:ASP:274,FMN
669608,A:PHE:167,FMN
255864987,A:ASP:90,FMN
186721533,A:THR:90,Vacant
267368708,A:ARG:85,FMN
10610180,A:PRO:144,FMN
191567131,A:TRP:161,FMN
669608,A:LYS:170,Vacant
43528210,A:VAL:50,Vacant
A8JHB7,A:TRP:103,FMN
438709336,A:PRO:198,FMN
182272756,A:GLY:69,FMN
474244661,A:ILE:123,FAD
533583008,A:ARG:93,Vacant
265363222,A:ARG:30,Vacant
261149638,A:CYS:160,FMN
3361801,A:ARG:182,Vacant
478513266,A:ILE:414,Vacant
450547281,A:VAL:333,Vacant
436233534,A:ASP:115,FMN
75334907,A:ALA:500,FAD
212645618,A:VAL:27,Vacant
254389273,A:ASN:176,FMN
522287232,A:SER:126,FMN
492905165,A:LYS:147,FMN
247621064,A:MET:210,FAD
412727650,A:THR:310,Vacant
507922724,A:LEU:137,Vacant
3361801,A:ARG:429,FAD
108632695,A:ARG:415,FMN
232120194,A:LYS:3,FMN
243576625,A:PHE:149,Vacant
323700997,A:GLU:331,Vacant
216145118,A:LEU:133,Vacant
488020794,A:ASP:37,FAD
247736176,A:LYS:139,FAD
236364750,A:ILE:183,Vacant
221410507,A:LEU:147,FAD
223129594,A:GLN:83,FMN
1598836,A:PRO:218,FMN
92505460,A:VAL:315,Vacant
410260211,A:ARG:293,FAD
42352045,A:GLU:3,Vacant
131487028,A:SER:134,FAD
339215566,A:ILE:144,FMN
88017246,A:GLU:173,Vacant
202869804,A:ALA:296,FMN
250904959,A:LEU:248,Vacant
453324286,A:LYS:328,Vacant
117502717,A:SER:60,Vacant
259870826,A:ASN:79,FMN
401526489,A:PHE:191,FMN
G9YLX2,A:LYS:249,FAD
471074813,A:MET:144,FAD
79342292,A:PHE:420,FMN
445267865,A:ARG:14,FMN
203529850,A:ARG:198,FMN
250521407,A:GLN:45,Vacant
494712194,A:ARG:60,FMN
212559548,A:GLU:491,FAD
377787699,A:SER:96,FMN
284977219,A:HIS:88,FMN
199132260,A:LYS:292,Vacant
225014314,A:VAL:223,FAD
244199306,A:ASP:388,FMN
410354521,A:LEU:580,Vacant
347353805,A:GLU:29,FMN
466112389,A:ILE:61,Vacant
68740360,A:GLU:105,Vacant
310667108,A:PHE:15,FMN
51345724,A:VAL:191,Vacant
331424109,A:ASP:57,FMN
361843796,A:HIS:150,FAD
208489082,A:LEU:378,Vacant
173723126,A:SER:372,FAD
341852181,A:VAL:244,Vacant
513247279,A:GLY:18,FMN
253717507,A:ARG:81,Vacant
512713966,A:LYS:76,Vacant
384903165,A:ASP:96,Vacant
522758708,A:ASP:397,FMN
135629419,A:THR:81,Vacant
309752793,A:GLU:197,FMN
370697643,A:PRO:300,FMN
366878292,A:HIS:103,FMN
394999589,A:LEU:397,Vacant
316288404,A:ARG:285,Vacant
51345724,A:LYS:337,FMN
381155278,A:LYS:232,FMN
355791000,A:ASN:356,Vacant
488020794,A:ALA:300,Vacant
244199306,A:SER:7,Vacant
248716876,A:ILE:47,FMN
377470362,A:ALA:347,FAD
370495691,A:GLN:177,Vacant
224565100,A:LEU:478,FMN
36663685,A:SER:125,FMN
166072603,A:TYR:28,Vacant
5601448,A:ASN:61,FMN
168450258,A:GLU:287,Vacant
149139061,A:VAL:292,Vacant
212657138,A:LYS:35,Vacant
414654221,A:GLU:188,FAD
447246362,A:SER:149,FMN
232120194,A:ARG:221,FMN
314744251,A:ASN:170,Vacant
116572273,A:ILE:224,FMN
171772425,A:TRP:30,FMN
512713966,A:LYS:64,FMN
112982412,A:MET:181,FMN
A0A9C6SB38,A:MET:194,Vacant
448672744,A:LEU:118,FMN
Q1LDQ5,A:MET:24,Vacant
333444695,A:ARG:308,FAD
409164437,A:GLN:347,FAD
530021737,A:ASN:34,FMN
211839940,A:HIS:144,FAD
A0A248QE08,A:CYS:432,FAD
367160523,A:VAL:281,Vacant
498360587,A:MET:261,Vacant
250136466,A:ARG:137,Vacant
505649141,A:ILE:274,FAD
36011942,A:HIS:50,FMN
530021737,A:GLU:73,Vacant
344696568,A:PRO:21,Vacant
362887443,A:ILE:144,Vacant
380057892,A:LYS:294,FAD
362887443,A:GLY:120,Vacant
168171702,A:PHE:12,Vacant
236364750,A:ILE:213,FMN
429564627,A:PHE:56,Vacant
463351004,A:ILE:11,Vacant
94438833,A:ILE:50,FMN
409121054,A:PHE:131,Vacant
403509661,A:CYS:116,Vacant
377783177,A:ARG:91,FMN
343375396,A:HIS:259,FMN
317269322,A:GLY:293,FAD
492905165,A:LEU:103,Vacant
200556420,A:LYS:81,FMN
497077768,A:GLU:274,FMN
76755120,A:HIS:348,FAD
414244861,A:TYR:39,Vacant
505649141,A:LYS:282,FAD
246752578,A:ARG:391,Vacant
535868972,A:GLU:39,FMN
42494339,A:MET:197,FAD
107317480,A:ALA:74,Vacant
24356613,A:MET:36,FMN
146581103,A:SER:100,FMN
449351935,A:ALA:61,FAD
114419104,A:VAL:135,FMN
89722292,A:GLN:81,Vacant
1598836,A:GLU:46,Vacant
496971301,A:MET:206,Vacant
411995816,A:GLN:111,FMN
143774265,A:LYS:2,FMN
423528081,A:ILE:201,Vacant
89722292,A:LYS:23,FMN
445382735,A:LYS:77,FMN
136466544,A:LYS:285,FAD
112982412,A:VAL:52,Vacant
270392765,A:TYR:30,Vacant
255275177,A:MET:25,FAD
351286708,A:ASN:223,FAD
352201787,A:VAL:148,Vacant
378506313,A:GLY:54,FMN
116345044,A:GLY:143,FMN
312255078,A:GLU:268,FMN
208489082,A:GLU:212,FAD
311733489,A:ARG:12,FMN
523080972,A:THR:404,Vacant
171772425,A:LEU:73,Vacant
190399151,A:SER:152,Vacant
164464132,A:GLY:273,FMN
211052075,A:ALA:225,FMN
282839050,A:ARG:124,FMN
211839940,A:GLU:177,Vacant
173123013,A:GLN:70,FMN
365163608,A:ARG:3,FMN
307414615,A:LEU:134,Vacant
221410507,A:PRO:154,FMN
223745392,A:LYS:100,FMN
238945072,A:ARG:28,Vacant
450547281,A:GLN:402,FMN
94729605,A:GLU:130,FMN
361223565,A:ILE:346,FAD
257256731,A:LYS:141,Vacant
445382735,A:VAL:186,FAD
208861200,A:VAL:97,Vacant
9503541,A:GLY:304,FAD
447063586,A:ARG:92,Vacant
475626353,A:ASP:33,Vacant
129282258,A:LYS:174,Vacant
238103191,A:PHE:36,FAD
499480107,A:LEU:40,Vacant
515814770,A:TRP:143,Vacant
250904959,A:ALA:256,FAD
132996707,A:LEU:238,Vacant
542225501,A:ARG:216,FMN
73185827,A:ARG:119,FMN
257463051,A:VAL:72,FAD
400598797,A:TRP:33,FMN
247621064,A:LEU:9,Vacant
126661923,A:TYR:33,Vacant
311896239,A:VAL:92,Vacant
359134054,A:THR:98,Vacant
486204909,A:ASN:157,FAD
428725278,A:ASN:363,FAD
154206354,A:TRP:153,FAD
Q1LDQ5,A:ARG:90,Vacant
473961980,A:ILE:308,FAD
167867892,A:ASN:98,FMN
53730462,A:VAL:89,FAD
455443621,A:HIS:353,FAD
243261079,A:GLN:186,FMN
288175026,A:THR:219,Vacant
149297064,A:ARG:340,FAD
406728350,A:HIS:307,FAD
193605172,A:ARG:44,FMN
291351921,A:PHE:63,Vacant
468011807,A:ILE:347,FMN
244199306,A:LEU:392,Vacant
381281047,A:GLN:33,FMN
274463223,A:VAL:386,Vacant
505649141,A:PRO:272,Vacant
526475834,A:PRO:111,FMN
124281441,A:LEU:340,FAD
312920580,A:LEU:73,FMN
37123999,A:LEU:111,Vacant
392912886,A:THR:139,FMN
295771941,A:SER:368,FAD
77301241,A:THR:93,Vacant
334956139,A:ARG:85,FMN
278206614,A:PHE:144,Vacant
66440484,A:PRO:258,FMN
223745392,A:LEU:202,Vacant
9503541,A:HIS:9,Vacant
329801934,A:PHE:401,FMN
198867504,A:PHE:133,Vacant
270552710,A:TRP:160,Vacant
178006135,A:ARG:46,FMN
362454221,A:TYR:266,Vacant
98834182,A:GLY:89,FMN
452208565,A:GLU:55,Vacant
280602381,A:VAL:137,FAD
343154367,A:VAL:295,FAD
175584783,A:LEU:70,FMN
255474755,A:HIS:70,FMN
513716589,A:LEU:280,Vacant
149359962,A:CYS:109,FMN
144933297,A:THR:42,Vacant
109360883,A:SER:209,Vacant
396868187,A:GLU:14,Vacant
335037594,A:VAL:153,FMN
138968164,A:MET:88,FMN
296672471,A:MET:99,FAD
78065607,A:ARG:224,FMN
506410366,A:LYS:185,FAD
253857537,A:PHE:87,Vacant
224565100,A:ALA:100,FMN
190671592,A:PRO:19,Vacant
250521407,A:ARG:179,Vacant
A0A125RY23,A:HIS:168,FAD
455502670,A:PHE:13,FMN
434184663,A:PHE:151,Vacant
496971301,A:ARG:231,Vacant
454233490,A:GLU:117,FMN
324424475,A:ARG:303,FMN
66440484,A:GLU:302,Vacant
475008207,A:GLN:99,FMN
G9YLX2,A:ARG:208,FAD
425432751,A:GLY:95,Vacant
411995816,A:ALA:366,FMN
352201787,A:ALA:220,Vacant
143851524,A:GLN:292,Vacant
78065607,A:GLY:318,FAD
83719778,A:ARG:132,FMN
263284045,A:LYS:91,FMN
203141947,A:LYS:332,Vacant
160970591,A:LEU:162,FAD
272007876,A:LEU:90,FMN
17667031,A:GLY:212,FMN
27320571,A:TYR:134,FMN
417867507,A:VAL:3,FMN
224565100,A:TRP:173,FAD
211052075,A:LEU:170,FMN
273368983,A:ALA:98,Vacant
485752733,A:GLU:84,FMN
492340081,A:PHE:97,FMN
405043165,A:MET:1,FMN
84576788,A:PHE:38,FAD
226376589,A:MET:86,Vacant
289486212,A:ILE:270,FMN
216145118,A:GLY:244,FAD
92505460,A:VAL:293,FAD
235273499,A:ILE:99,Vacant
221975752,A:MET:319,FAD
246038755,A:THR:144,Vacant
221975752,A:LEU:337,Vacant
349829286,A:SER:343,Vacant
225269451,A:LYS:240,Vacant
48969270,A:VAL:62,Vacant
424707753,A:ILE:401,Vacant
404446404,A:PHE:86,Vacant
94729605,A:LYS:248,Vacant
11789413,A:TYR:82,FAD
10021369,A:GLU:82,Vacant
114477705,A:HIS:165,FMN
234057060,A:TRP:108,Vacant
8705756,A:GLN:22,FMN
473961980,A:GLY:400,FAD
92783677,A:TYR:83,Vacant
401495804,A:SER:265,Vacant
434895815,A:VAL:27,FAD
22259875,A:TYR:85,FMN
438264345,A:ILE:4,Vacant
513990770,A:TYR:111,Vacant
401083028,A:SER:37,FMN
273368983,A:ALA:115,FAD
386472867,A:ASP:51,FMN
497087131,A:VAL:279,Vacant
347353805,A:ILE:99,Vacant
115197840,A:ALA:40,FAD
46119332,A:TYR:365,FAD
164323630,A:TRP:4,FAD
386896080,A:HIS:24,FAD
119868687,A:PRO:204,Vacant
253968866,A:HIS:80,FMN
212484732,A:ASP:3,Vacant
104537308,A:THR:277,Vacant
83940755,A:MET:74,FMN
383778104,A:SER:160,FMN
421555882,A:SER:305,Vacant
A0A9C6SB38,A:SER:47,FMN
102618981,A:ASN:111,FMN
178006135,A:TRP:245,FMN
516252677,A:SER:338,FMN
372340228,A:LEU:133,Vacant
273368983,A:ARG:51,FMN
282839050,A:GLY:311,FAD
349057207,A:ALA:160,Vacant
139490486,A:ARG:71,FMN
267735192,A:TRP:392,Vacant
395031706,A:GLU:97,FMN
338136267,A:GLY:59,FAD
1302533,A:ALA:90,FMN
295323410,A:GLU:140,Vacant
375799688,A:LYS:297,FMN
193624384,A:ARG:110,Vacant
96362523,A:GLU:228,Vacant
325963686,A:MET:211,Vacant
35581631,A:ALA:213,Vacant
206834560,A:GLY:403,Vacant
228826274,A:HIS:254,Vacant
154708104,A:LEU:365,Vacant
159160219,A:PRO:97,FMN
325922357,A:TRP:280,FAD
139831591,A:TYR:255,FMN
40122160,A:GLU:49,FMN
230880903,A:MET:155,FMN
119878532,A:ALA:208,Vacant
157319042,A:LEU:157,FMN
416708930,A:ASP:81,FMN
276496436,A:GLN:158,FMN
3240637,A:GLY:73,FMN
219819842,A:SER:106,Vacant
439468585,A:TRP:168,Vacant
187911232,A:THR:131,FMN
90079730,A:ILE:377,Vacant
126146100,A:VAL:17,Vacant
212657138,A:GLU:110,FMN
454657290,A:GLY:310,FAD
317401062,A:GLN:175,Vacant
502712320,A:ASP:123,FMN
113392461,A:GLN:65,Vacant
445401946,A:PHE:73,FMN
255864987,A:LEU:419,Vacant
238787926,A:ARG:455,Vacant
38218013,A:PHE:120,Vacant
72124220,A:SER:116,Vacant
296365706,A:GLY:151,FMN
497686701,A:TYR:108,Vacant
530172042,A:THR:458,Vacant
494063786,A:PHE:111,FAD
445401946,A:ARG:208,FAD
35773583,A:TYR:19,Vacant
184555006,A:VAL:71,FAD
B0JDW3,A:ALA:58,Vacant
A0A248QE08,A:GLN:493,FAD
143774265,A:ILE:91,Vacant
218677152,A:VAL:74,Vacant
405043165,A:ARG:180,FMN
278194621,A:CYS:193,Vacant
181508660,A:VAL:22,FMN
361949256,A:ARG:56,Vacant
131929430,A:VAL:408,Vacant
164292803,A:HIS:295,FAD
386472867,A:ILE:182,FMN
238963052,A:VAL:57,FMN
452056827,A:ARG:156,Vacant
449064425,A:ASP:314,FAD
136466544,A:LEU:126,Vacant
43111657,A:LEU:36,Vacant
376349668,A:TRP:31,FMN
446583079,A:LEU:60,FMN
146215628,A:ARG:630,FAD
314464604,A:SER:169,FAD
51345724,A:PHE:152,Vacant
541275105,A:PRO:47,Vacant
310442881,A:LYS:174,Vacant
388575933,A:ALA:202,Vacant
3869560,A:SER:20,FMN
272568157,A:VAL:204,Vacant
46401791,A:VAL:58,FAD
288269507,A:GLY:86,Vacant
185326630,A:TRP:248,Vacant
243832631,A:ARG:58,FMN
175547870,A:GLY:30,Vacant
255474755,A:VAL:121,Vacant
335037594,A:ARG:92,FMN
447246362,A:CYS:209,FMN
152125317,A:TYR:245,FAD
340773108,A:GLN:69,FMN
322745425,A:PHE:52,Vacant
436393938,A:LEU:54,Vacant
521607072,A:LYS:120,FMN
355576228,A:VAL:127,FMN
483228780,A:VAL:271,Vacant
326657152,A:ASP:135,Vacant
10021369,A:ILE:24,Vacant
312164139,A:ASN:38,Vacant
367824030,A:PHE:221,FMN
422298885,A:THR:149,FAD
404830199,A:MET:150,FMN
191258171,A:ILE:344,Vacant
501078035,A:TRP:82,Vacant
351835641,A:SER:42,FMN
421906553,A:SER:403,FAD
51233783,A:VAL:127,FMN
80710586,A:ILE:426,Vacant
295323410,A:THR:249,Vacant
327952851,A:CYS:175,FMN
253968866,A:ILE:196,Vacant
203141947,A:ILE:49,Vacant
245446843,A:VAL:152,FMN
392823255,A:VAL:400,Vacant
151607904,A:ASN:397,FMN
269041363,A:ARG:346,FAD
69928109,A:PRO:178,Vacant
437451621,A:PRO:307,FAD
292621791,A:GLN:78,FAD
421017721,A:GLU:150,FAD
296672471,A:HIS:368,FAD
313039667,A:SER:136,FAD
425432751,A:GLN:5,FMN
130387336,A:LEU:90,Vacant
303353765,A:ILE:215,Vacant
314744251,A:TYR:203,Vacant
425874527,A:ARG:293,Vacant
9312249,A:GLY:160,Vacant
446704084,A:THR:97,FMN
534170262,A:ARG:167,Vacant
35773583,A:ASP:59,FAD
534170262,A:ILE:175,FMN
441643515,A:VAL:38,Vacant
156212662,A:PRO:324,Vacant
442730590,A:LEU:83,Vacant
91231130,A:PHE:156,Vacant
520833538,A:THR:56,FMN
276324987,A:PHE:107,Vacant
455301770,A:LEU:23,FAD
246752578,A:VAL:193,Vacant
230005811,A:ILE:111,Vacant
107109189,A:ILE:98,Vacant
184413691,A:PHE:290,Vacant
474196143,A:ILE:184,Vacant
257256731,A:VAL:103,FMN
366878292,A:LEU:175,Vacant
219328999,A:HIS:93,FMN
243576625,A:GLN:86,Vacant
39596859,A:ARG:153,FAD
67651057,A:MET:28,FAD
A0A125RY22,A:HIS:46,Vacant
508271284,A:GLU:372,FAD
473961980,A:LEU:11,FAD
164954628,A:CYS:21,FMN
388521909,A:VAL:359,Vacant
279542561,A:ASP:51,Vacant
334956139,A:THR:211,FMN
224769877,A:LEU:159,Vacant
73185827,A:ARG:100,FMN
454233490,A:HIS:138,FMN
419040317,A:LEU:29,Vacant
380117853,A:GLY:89,FMN
149297064,A:PHE:62,FAD
292130187,A:LEU:404,FMN
226890885,A:ILE:6,Vacant
437698169,A:PRO:393,Vacant
482132193,A:ALA:8,FMN
235883060,A:PHE:38,Vacant
35773583,A:ASP:53,Vacant
323374190,A:ILE:110,FMN
225269451,A:TRP:218,FMN
7711802,A:LEU:158,Vacant
90162709,A:THR:73,FMN
400598797,A:GLY:136,Vacant
108267648,A:GLU:74,FMN
94240117,A:VAL:128,FAD
247134817,A:HIS:53,FMN
432409763,A:ASP:85,FAD
249212175,A:GLN:199,FAD
77212430,A:HIS:159,Vacant
339770696,A:LYS:163,FMN
469651501,A:PHE:69,Vacant
87601385,A:LEU:152,FMN
107317480,A:PHE:158,Vacant
438709336,A:LEU:30,FAD
423355489,A:ARG:418,FMN
499351305,A:LEU:167,Vacant
B0JDW3,A:LEU:206,Vacant
259495479,A:GLN:223,FAD
115197840,A:SER:45,FAD
370638479,A:MET:166,Vacant
291312672,A:ARG:213,FAD
58986249,A:LEU:121,FAD
464653646,A:LEU:451,Vacant
477012344,A:PHE:138,FMN
231728280,A:ASN:344,FAD
492067606,A:SER:277,Vacant
334300599,A:PRO:211,Vacant
22259875,A:ALA:126,FMN
372235342,A:TYR:427,Vacant
380020287,A:TYR:381,FMN
60202917,A:ARG:147,FMN
132810579,A:THR:19,FMN
501806778,A:GLN:101,FMN
516252677,A:ASP:92,FMN
451186419,A:LEU:94,Vacant
472489542,A:PRO:319,FAD
49993375,A:GLY:256,Vacant
477487926,A:ALA:101,FMN
405043165,A:PHE:60,Vacant
O31246,A:ASN:305,FMN
475598212,A:THR:21,Vacant
271743248,A:ARG:109,FMN
39128106,A:ALA:245,Vacant
427238505,A:ASN:162,FAD
141583383,A:HIS:50,FAD
522882234,A:THR:22,FMN
428440769,A:TRP:257,FAD
27359990,A:GLU:305,FAD
199132260,A:GLN:227,FAD
520563670,A:VAL:97,Vacant
526276036,A:VAL:219,FMN
358231899,A:LEU:114,Vacant
270703491,A:ALA:116,Vacant
282839050,A:ALA:349,Vacant
71133073,A:VAL:11,FAD
323863417,A:GLU:69,Vacant
114419104,A:GLN:219,FMN
465829740,A:GLY:33,FMN
499480107,A:SER:161,FAD
166128618,A:GLY:480,FAD
138746461,A:TYR:41,FAD
10021369,A:ARG:156,Vacant
293198074,A:LYS:149,Vacant
115585031,A:HIS:86,FMN
447398376,A:GLY:232,FMN
321052417,A:THR:102,FMN
175861325,A:GLY:74,FAD
534170262,A:LEU:205,Vacant
294347785,A:HIS:104,Vacant
320121014,A:VAL:113,Vacant
314004701,A:ALA:355,FAD
71106220,A:ILE:48,Vacant
162847298,A:VAL:18,FMN
A0A8A1QR26,A:MET:57,Vacant
238963052,A:HIS:203,FMN
80979418,A:GLN:47,FMN
218684400,A:GLY:237,FAD
428884859,A:TYR:123,FMN
27320571,A:PRO:54,Vacant
498152608,A:LEU:209,Vacant
71106220,A:PRO:302,FAD
345824679,A:ASN:105,FMN
259174325,A:ARG:52,Vacant
288023440,A:GLY:22,Vacant
422298885,A:ARG:260,Vacant
402923781,A:ASN:8,FMN
401526489,A:TYR:99,Vacant
96539391,A:ALA:25,FMN
279676054,A:ILE:86,Vacant
126003816,A:GLU:376,Vacant
185326630,A:ALA:108,Vacant
194057482,A:PHE:60,Vacant
139151135,A:PHE:116,FMN
231397270,A:GLU:280,Vacant
45942047,A:HIS:259,Vacant
193710048,A:MET:11,FMN
32295509,A:ALA:120,FMN
260370357,A:ILE:106,Vacant
107872384,A:ILE:17,FMN
126146100,A:LEU:3,FMN
202042454,A:ASN:111,FMN
215616685,A:GLN:345,FMN
139831591,A:ASP:231,Vacant
406988274,A:GLU:93,FMN
529670781,A:LYS:280,Vacant
323337225,A:ILE:8,FMN
202495963,A:TYR:147,FMN
358231899,A:ARG:169,FMN
299535949,A:TRP:164,Vacant
370887136,A:PRO:76,FMN
272007876,A:SER:70,Vacant
173123013,A:PHE:32,Vacant
374443330,A:ASN:47,FAD
289470099,A:ARG:50,Vacant
136617597,A:LEU:80,Vacant
256737937,A:ALA:241,Vacant
396868187,A:ARG:103,Vacant
380057892,A:GLN:3,FAD
111237316,A:ARG:194,Vacant
52464783,A:ASP:35,FMN
96633761,A:GLN:169,FMN
495587770,A:GLU:148,FAD
96633761,A:PHE:107,Vacant
126003816,A:PHE:191,FAD
471074813,A:VAL:411,Vacant
170766739,A:ILE:224,FMN
406753712,A:PHE:121,Vacant
205325165,A:ASN:112,FMN
72180505,A:TYR:13,FMN
439468585,A:THR:15,Vacant
31312203,A:SER:147,FMN
A0A125RY21,A:PHE:265,FMN
515119363,A:GLN:181,Vacant
357150317,A:LYS:420,FAD
402923781,A:THR:33,FMN
185323765,A:ARG:101,FMN
126661923,A:PRO:393,Vacant
305357126,A:LEU:109,FMN
475626353,A:PRO:249,FAD
127825841,A:ARG:50,FMN
154206354,A:GLU:146,Vacant
25937046,A:MET:136,FMN
34750964,A:GLY:16,Vacant
474244661,A:LEU:121,Vacant
259870826,A:PHE:27,FMN
314430593,A:ASN:93,FMN
350821305,A:PHE:97,FMN
471202567,A:PRO:25,FMN
267169457,A:VAL:283,Vacant
219438326,A:ARG:358,FAD
88539660,A:ILE:151,Vacant
58048332,A:GLU:96,FMN
448672744,A:LEU:23,Vacant
367160523,A:ARG:331,FAD
307541892,A:GLY:147,Vacant
305836211,A:LEU:176,FMN
388521909,A:LYS:53,FAD
80178555,A:LEU:63,Vacant
56444273,A:CYS:124,Vacant
373957602,A:TYR:81,Vacant
384385464,A:PRO:80,Vacant
284977219,A:ALA:211,Vacant
245679359,A:LEU:24,Vacant
56698106,A:VAL:415,Vacant
284904688,A:LYS:233,FMN
43512051,A:ALA:237,FMN
415433912,A:ASN:340,FAD
464653646,A:GLU:93,FMN
476921570,A:PRO:236,FMN
269900819,A:ASP:76,FMN
322421431,A:PHE:49,FAD
314151942,A:ASP:292,FAD
199132260,A:SER:215,Vacant
65721940,A:ARG:16,FMN
225598303,A:GLU:427,Vacant
164292803,A:GLU:112,Vacant
129282258,A:VAL:256,FMN
108632695,A:GLY:303,FAD
33475909,A:PRO:174,FAD
218677152,A:GLY:18,FMN
406988274,A:VAL:79,FMN
106928160,A:ARG:86,FMN
204052506,A:SER:156,FAD
263261907,A:ARG:119,FMN
333444695,A:ASN:241,FMN
111522912,A:SER:33,Vacant
445267865,A:HIS:25,Vacant
314151942,A:MET:452,Vacant
516548355,A:ARG:153,FAD
461615061,A:ASN:312,FAD
394999589,A:GLU:110,FMN
106538431,A:ARG:121,FMN
200556420,A:GLN:71,Vacant
373957602,A:MET:97,Vacant
246680090,A:ARG:13,FMN
197079088,A:ILE:90,Vacant
117703914,A:ALA:22,FMN
35864910,A:ARG:154,FMN
404446404,A:ASN:230,Vacant
119878532,A:LEU:311,FAD
438014009,A:ASP:134,FMN
400079438,A:PRO:199,Vacant
425378100,A:ARG:192,FMN
527376792,A:ILE:170,Vacant
46401791,A:PRO:366,Vacant
126003816,A:ARG:121,FMN
276496436,A:HIS:96,Vacant
238945072,A:GLY:89,FMN
32361559,A:GLU:125,Vacant
332030857,A:ALA:32,Vacant
50688227,A:HIS:119,FMN
359134054,A:GLU:71,FMN
669608,A:GLU:58,FMN
475260566,A:ASP:376,FAD
228826274,A:LYS:259,FAD
442730590,A:VAL:327,FAD
79342292,A:LEU:278,FAD
515139629,A:TYR:50,FMN
348343678,A:ALA:51,FAD
45367135,A:MET:308,FAD
448498636,A:SER:385,Vacant
16992525,A:LEU:63,Vacant
513990770,A:ILE:45,Vacant
434184663,A:HIS:180,Vacant
431813792,A:ALA:35,Vacant
484329139,A:ILE:229,FAD
459359072,A:ALA:245,Vacant
414989151,A:LEU:168,FMN
501885686,A:ILE:68,Vacant
429564627,A:ARG:7,FAD
496971301,A:ARG:37,FAD
134523246,A:GLU:95,FMN
397837724,A:VAL:394,FAD
287674702,A:ASP:54,Vacant
130400504,A:LYS:46,FMN
119956528,A:HIS:237,FAD
52464783,A:HIS:119,FMN
138474662,A:HIS:234,FAD
242593152,A:ALA:80,FAD
129717745,A:ARG:51,FAD
164464132,A:PHE:59,Vacant
465829740,A:LEU:10,Vacant
90079730,A:ASN:347,FAD
514365824,A:ARG:235,FMN
381155278,A:ARG:174,FAD
21815721,A:ARG:5,FMN
165767233,A:ILE:257,Vacant
362454221,A:GLN:387,FMN
52281212,A:ALA:89,Vacant
42264382,A:ASP:45,FAD
88567339,A:ARG:231,FMN
1302533,A:THR:115,Vacant
177557481,A:ASP:41,FMN
540508311,A:HIS:4,FMN
305357126,A:ARG:208,FMN
121946642,A:LEU:266,Vacant
71133073,A:MET:251,Vacant
450902512,A:ARG:89,FMN
403378600,A:THR:319,FAD
441643515,A:TYR:352,Vacant
276324987,A:MET:288,Vacant
434184663,A:MET:45,FAD
303484101,A:TYR:388,Vacant
332030857,A:LEU:38,Vacant
134523246,A:ARG:45,Vacant
370638479,A:TYR:338,FAD
124281441,A:PRO:64,Vacant
316655500,A:HIS:154,FAD
254041836,A:PHE:109,Vacant
273739495,A:CYS:34,FMN
34750964,A:GLY:17,FAD
149359962,A:LEU:162,Vacant
292213728,A:ALA:51,Vacant
469925098,A:GLY:86,FMN
520109197,A:ILE:112,Vacant
319383260,A:GLU:68,FAD
400749627,A:LYS:149,FAD
42264382,A:ARG:343,FMN
32361559,A:LYS:79,FMN
60641165,A:MET:19,FMN
122826571,A:LYS:26,FMN
300646514,A:CYS:213,FMN
272568157,A:SER:181,Vacant
518905579,A:ASP:339,Vacant
503526742,A:PHE:300,FMN
72124220,A:SER:138,FMN
269041363,A:PHE:173,Vacant
33008819,A:TRP:234,FAD
441293417,A:ASP:15,FAD
295571395,A:LYS:169,FMN
157974772,A:VAL:338,FAD
434781328,A:TYR:97,FMN
485752733,A:ARG:9,FMN
499480107,A:SER:424,Vacant
437698169,A:GLU:354,FAD
96539391,A:TYR:83,FMN
35864910,A:VAL:9,Vacant
377566249,A:ARG:122,Vacant
64830933,A:GLY:85,FMN
310442881,A:ILE:84,Vacant
473524153,A:THR:521,FAD
127825841,A:VAL:44,Vacant
428725278,A:PRO:405,Vacant
197230831,A:CYS:80,FAD
50087692,A:LYS:209,Vacant
463344402,A:ASP:23,FMN
131487028,A:ARG:157,FMN
246514103,A:HIS:377,FAD
109360883,A:ARG:165,Vacant
69107708,A:ILE:247,Vacant
7711802,A:LEU:79,Vacant
302223851,A:PRO:363,FAD
334023885,A:ARG:475,Vacant
533377517,A:LYS:132,Vacant
341852181,A:MET:175,Vacant
343375396,A:TYR:134,Vacant
76047428,A:SER:64,FAD
103946733,A:ALA:64,Vacant
350359741,A:GLN:727,FAD
468011807,A:MET:218,Vacant
35236588,A:ASP:5,FMN
529306544,A:ARG:227,FAD
415433912,A:ILE:201,Vacant
134189607,A:ARG:336,Vacant
334023885,A:PRO:78,Vacant
355791000,A:GLU:145,FMN
424707753,A:ARG:397,Vacant
363371437,A:GLY:120,Vacant
258373420,A:ASP:144,Vacant
253717507,A:ILE:108,Vacant
302223851,A:ALA:10,FAD
122414363,A:HIS:350,FAD
492340081,A:LYS:214,FMN
175547870,A:LEU:22,Vacant
157819600,A:MET:74,Vacant
82259080,A:PHE:71,Vacant
151607904,A:ARG:129,Vacant
139831591,A:TRP:203,FMN
256498056,A:ARG:181,Vacant
34750964,A:THR:22,Vacant
131487028,A:TYR:110,Vacant
124862240,A:ASN:174,FAD
72124220,A:ARG:94,Vacant
492340081,A:THR:3,Vacant
505852911,A:VAL:254,Vacant
317785558,A:LYS:135,Vacant
503526742,A:ARG:199,FMN
372340228,A:ILE:89,FMN
381507126,A:PHE:89,Vacant
127825841,A:ASN:19,FMN
120860500,A:ASP:100,Vacant
377783177,A:GLN:148,FMN
253968866,A:HIS:187,FMN
509692576,A:LEU:33,Vacant
58208332,A:SER:333,FAD
100660032,A:ILE:250,FMN
229714426,A:LEU:212,Vacant
173123013,A:TYR:109,FMN
344590443,A:MET:59,Vacant
75661871,A:MET:348,Vacant
478513266,A:THR:132,Vacant
310799499,A:ASP:63,FMN
115478895,A:HIS:15,FMN
235883060,A:ILE:65,FMN
278206614,A:LYS:166,Vacant
260370357,A:ARG:85,Vacant
447398376,A:THR:17,FMN
143532030,A:PHE:138,Vacant
6947930,A:VAL:472,FAD
178064703,A:GLU:136,FAD
75334907,A:ASP:347,Vacant
403600369,A:PRO:121,FMN
453324286,A:HIS:235,FMN
361223565,A:SER:502,FAD
1302533,A:LEU:17,FMN
124530633,A:TYR:282,FAD
A0A8T2W1D9,A:VAL:412,FAD
122826571,A:ARG:172,FAD
74042797,A:TRP:79,FMN
354379553,A:MET:271,FAD
87351871,A:SER:24,FMN
119868687,A:PRO:228,Vacant
221976423,A:GLU:77,FMN
410354521,A:PHE:389,FAD
254041836,A:PHE:62,FMN
441484921,A:VAL:177,FAD
180149853,A:LEU:31,FMN
299535949,A:HIS:27,FMN
329957366,A:ASN:112,FMN
360652090,A:LEU:116,FAD
272568157,A:PRO:12,FMN
41899005,A:THR:52,FAD
394732982,A:PRO:99,FMN
116345044,A:LEU:110,Vacant
244264560,A:SER:327,FAD
314004701,A:PHE:278,Vacant
468367523,A:PRO:27,FMN
189052546,A:GLY:106,FMN
484329139,A:MET:64,Vacant
202961180,A:VAL:278,Vacant
259870826,A:HIS:101,FMN
271743248,A:LEU:106,Vacant
459359072,A:GLU:143,FMN
226890885,A:GLN:128,Vacant
422298885,A:LEU:151,Vacant
128258289,A:TYR:103,FAD
W0T2Q3,A:ALA:260,FMN
388575933,A:ILE:123,FAD
255784874,A:GLU:3,Vacant
197163925,A:ALA:28,FAD
247736176,A:TRP:170,Vacant
85957822,A:TYR:151,FMN
300646514,A:PRO:159,FAD
434874344,A:PHE:55,Vacant
87351871,A:ARG:139,FAD
121946642,A:GLN:334,FAD
33475909,A:ILE:41,Vacant
226598511,A:THR:167,FMN
348513841,A:THR:15,FAD
257463051,A:LEU:194,Vacant
58048332,A:ARG:194,FMN
490445002,A:ILE:118,FMN
340773108,A:GLU:156,Vacant
72180505,A:ASP:28,FMN
540508311,A:GLY:309,FAD
193605172,A:ASP:158,Vacant
160701468,A:LEU:93,FMN
170860501,A:SER:42,FAD
287674702,A:PRO:169,Vacant
76426760,A:ASN:59,Vacant
445382735,A:PRO:66,FMN
282838812,A:GLU:41,Vacant
497686701,A:GLN:160,Vacant
357677576,A:GLU:16,Vacant
468367523,A:ALA:144,Vacant
197079088,A:LYS:24,Vacant
515814770,A:LEU:118,FMN
136617597,A:MET:1,FMN
83719778,A:LEU:234,Vacant
234057060,A:GLU:95,Vacant
292621791,A:GLY:71,Vacant
531281674,A:LEU:60,Vacant
35571206,A:ARG:160,FMN
230005811,A:ARG:141,FMN
320750577,A:TYR:43,Vacant
374544542,A:ARG:41,FAD
450547281,A:CYS:13,FMN
288485551,A:SER:84,FMN
151266629,A:SER:39,Vacant
344590443,A:LEU:181,FAD
518905579,A:ARG:266,Vacant
25937046,A:ARG:178,Vacant
400598797,A:GLU:75,FMN
43111657,A:PRO:295,FAD
368026323,A:PRO:326,FAD
33596321,A:PHE:398,Vacant
32361559,A:GLU:137,FMN
120325297,A:ARG:310,Vacant
450090590,A:TRP:455,Vacant
468867532,A:LEU:79,FMN
539347277,A:ASN:51,FMN
326277995,A:TRP:409,Vacant
295571395,A:SER:128,FMN
323863417,A:TRP:364,FAD
141092292,A:PHE:144,Vacant
132996707,A:GLY:209,FMN
425874527,A:ARG:294,FAD
276496436,A:TYR:83,FMN
288070717,A:GLY:17,FAD
138746461,A:PHE:335,FMN
514158062,A:THR:223,FMN
441528943,A:HIS:313,FAD
198867504,A:LYS:38,FMN
320668222,A:GLY:112,FMN
242178505,A:PRO:109,FMN
413427787,A:ALA:117,Vacant
123884586,A:GLY:191,Vacant
65999646,A:MET:33,FMN
441653965,A:HIS:136,FMN
431917165,A:SER:236,Vacant
448498636,A:PRO:440,FMN
72149531,A:ASP:257,FAD
341852181,A:PRO:134,Vacant
540611123,A:ILE:28,Vacant
357677576,A:ASP:50,Vacant
461615061,A:PRO:222,Vacant
96539391,A:ARG:79,FMN
312848546,A:ILE:76,Vacant
457821231,A:LEU:16,FMN
144617581,A:GLU:58,Vacant
50087692,A:LYS:2,FAD
506795290,A:ARG:36,FAD
529306544,A:VAL:193,Vacant
40122160,A:THR:268,Vacant
520109197,A:ARG:62,Vacant
160701468,A:VAL:116,FMN
373138418,A:ALA:180,FMN
401526489,A:VAL:226,Vacant
504541123,A:TRP:237,FMN
244264560,A:PRO:149,FAD
508271284,A:LYS:387,FMN
323337225,A:ARG:114,FAD
526080645,A:VAL:35,FAD
71233094,A:GLU:235,Vacant
531281674,A:PHE:61,Vacant
269900819,A:TYR:121,FMN
329801934,A:THR:105,FAD
526948399,A:PHE:129,Vacant
295771941,A:ALA:396,FAD
438264345,A:ARG:9,FMN
290861039,A:TRP:114,FMN
74042797,A:VAL:123,FMN
22556589,A:LYS:105,FMN
107872384,A:PHE:38,FMN
3240637,A:TYR:278,FMN
321052417,A:ASP:120,FMN
202961180,A:THR:242,FMN
19195364,A:GLY:56,FAD
527712201,A:TRP:142,FAD
525902728,A:VAL:360,Vacant
440435683,A:TRP:112,Vacant
132810579,A:ASP:59,FMN
72149531,A:LEU:5,Vacant
107978470,A:LEU:73,Vacant
218848720,A:VAL:44,FAD
474086268,A:THR:247,Vacant
242178505,A:GLN:180,Vacant
406728350,A:ALA:124,FMN
117894226,A:ASN:401,FMN
348513841,A:MET:609,Vacant
B0KAH1,A:TYR:168,Vacant
238103191,A:ARG:183,FAD
454546777,A:TRP:28,FMN
35236588,A:HIS:124,FMN
45367135,A:ASP:289,Vacant
282309377,A:PHE:7,Vacant
94240117,A:ASP:56,FMN
198146244,A:ILE:96,FAD
102279467,A:ASN:110,FAD
381281047,A:THR:132,Vacant
424543166,A:ARG:248,FAD
270392765,A:SER:103,FMN
501885686,A:PHE:61,FMN
535868972,A:GLU:131,Vacant
455443621,A:TYR:69,FMN
317401062,A:GLU:97,Vacant
395031706,A:LYS:312,FMN
345824679,A:LEU:41,Vacant
317785558,A:LEU:67,Vacant
347714917,A:ARG:466,Vacant
513990770,A:GLY:316,FAD
314744251,A:ARG:303,FMN
473524153,A:LEU:545,Vacant
325963686,A:GLU:341,Vacant
79342292,A:ILE:169,FAD
421017721,A:THR:375,Vacant
354051044,A:TYR:8,Vacant
424681336,A:ASN:31,FMN
164954628,A:HIS:67,FMN
202961180,A:ASP:53,Vacant
81835442,A:GLN:125,Vacant
317854627,A:SER:442,Vacant
488020794,A:LEU:240,Vacant
534403135,A:THR:58,FMN
165767233,A:ARG:89,FMN
380586754,A:PRO:341,Vacant
331893589,A:ASP:19,FAD
490445002,A:HIS:27,FMN
230005811,A:ILE:148,FMN
G9YLX2,A:LEU:85,FMN
282919122,A:GLU:27,FAD
203529850,A:ARG:304,FMN
401845062,A:GLY:97,Vacant
245374271,A:ASP:413,FAD
392912886,A:TRP:21,FMN
343154367,A:ARG:304,FMN
113392461,A:GLY:246,Vacant
416708930,A:VAL:131,Vacant
441293417,A:LEU:28,Vacant
232333910,A:ARG:151,FAD
255784874,A:LYS:119,FMN
522882234,A:PHE:21,Vacant
185773877,A:ILE:245,Vacant
35571206,A:LYS:47,FMN
84118190,A:GLU:88,Vacant
88539660,A:GLN:274,FAD
226376589,A:LYS:114,FMN
28244910,A:GLY:499,FAD
453210906,A:TRP:48,Vacant
302091459,A:TYR:152,Vacant
224537331,A:GLN:127,Vacant
36174217,A:GLU:217,FAD
469651501,A:PRO:329,FMN
4436753,A:LEU:86,FMN
143774265,A:GLN:82,Vacant
102279467,A:TYR:266,Vacant
120195961,A:ALA:201,FMN
280312891,A:LEU:92,Vacant
120325297,A:PHE:61,FAD
383187,A:HIS:44,FAD
37611214,A:ALA:135,Vacant
48969270,A:VAL:31,FMN
384385464,A:PRO:122,FMN
324424475,A:LEU:351,FMN
364158992,A:ARG:539,FAD
365163608,A:ALA:79,FMN
160701468,A:LEU:78,Vacant
267735192,A:SER:345,Vacant
146581103,A:MET:308,FAD
117894226,A:LEU:65,FAD
88017246,A:ASN:214,FMN
48934379,A:PHE:48,Vacant
393094993,A:ILE:124,FAD
425378100,A:GLN:222,FMN
351875420,A:PHE:61,Vacant
281524029,A:GLU:125,FMN
312164139,A:HIS:6,FMN
65453894,A:GLN:293,FMN
509692576,A:GLN:134,FMN
234943503,A:MET:109,Vacant
71233094,A:GLU:162,FMN
320750577,A:ALA:407,Vacant
310667108,A:ILE:330,FAD
75934523,A:TYR:137,FMN
255864987,A:PHE:411,Vacant
383246797,A:LYS:229,FAD
431813792,A:ARG:156,FMN
168189572,A:LEU:81,Vacant
425378100,A:HIS:187,Vacant
88567339,A:ALA:281,FAD
274463223,A:GLY:393,FAD
522758708,A:SER:364,FAD
414788926,A:HIS:111,FAD
334023885,A:GLN:257,FAD
419146295,A:PHE:140,Vacant
414788926,A:ASN:191,Vacant
171367567,A:PHE:164,FMN
464763844,A:ARG:88,FMN
521607072,A:GLU:124,FMN
164464132,A:PHE:249,FAD
335666479,A:ASP:53,FAD
496797972,A:LEU:398,FMN
222289624,A:SER:58,FMN
3256338,A:GLY:145,FMN
104436268,A:ASP:97,Vacant
61167386,A:LEU:398,FAD
478685389,A:ALA:133,FAD
506795290,A:MET:486,FAD
515814770,A:TYR:95,FMN
181109863,A:PRO:74,Vacant
191202538,A:TYR:303,Vacant
339103140,A:SER:206,Vacant
98834182,A:THR:92,FMN
401845062,A:THR:321,FAD
384903165,A:LYS:38,FMN
295571395,A:LEU:106,Vacant
428857580,A:GLY:272,Vacant
521906682,A:LYS:280,FAD
427238505,A:GLU:27,Vacant
250521407,A:THR:89,FMN
138968164,A:GLY:252,Vacant
256822958,A:LEU:360,Vacant
131929430,A:TYR:37,Vacant
355576228,A:PHE:74,FMN
522882234,A:ASP:127,Vacant
330505845,A:LEU:96,Vacant
126446187,A:ALA:134,Vacant
46401791,A:GLN:127,FAD
522676886,A:TRP:309,FMN
451529982,A:TYR:349,FAD
428440769,A:PHE:90,FMN
37123999,A:HIS:177,FAD
354245196,A:THR:102,Vacant
486631806,A:ALA:135,Vacant
35581631,A:ARG:312,FAD
454233490,A:ARG:120,Vacant
366060019,A:GLU:578,Vacant
149139061,A:LEU:13,FAD
469925098,A:LEU:138,FMN
24478479,A:SER:196,Vacant
314151942,A:VAL:384,Vacant
48934379,A:GLN:44,Vacant
87351871,A:ASP:121,Vacant
226598511,A:LEU:76,Vacant
438709336,A:GLU:366,Vacant
3574022,A:ALA:110,FMN
358306999,A:TYR:204,Vacant
380117853,A:VAL:70,Vacant
149359962,A:LYS:10,FMN
311896239,A:ARG:153,Vacant
502712320,A:GLU:92,Vacant
6947930,A:GLU:477,FAD
404955441,A:GLU:52,FMN
160822550,A:ILE:217,Vacant
368026323,A:ILE:156,Vacant
35236588,A:ARG:148,FMN
33912458,A:ALA:211,Vacant
381507126,A:VAL:28,FMN
492905165,A:ARG:184,Vacant
412727650,A:SER:96,FMN
401083028,A:ILE:89,Vacant
508271284,A:LYS:111,Vacant
362540548,A:ARG:21,FMN
30069640,A:GLN:248,FAD
253857537,A:TYR:549,Vacant
226989427,A:LEU:517,FAD
278247883,A:LYS:165,FAD
533377517,A:LYS:143,Vacant
181496692,A:LEU:361,FAD
367386625,A:LEU:212,FAD
184555006,A:LEU:367,Vacant
365163608,A:ILE:140,Vacant
158278097,A:LEU:406,Vacant
194877311,A:PRO:179,FMN
184413691,A:VAL:115,Vacant
380057892,A:ALA:58,FAD
250622097,A:HIS:13,FAD
401384102,A:PRO:100,Vacant
384903165,A:GLY:69,FMN
212559548,A:ALA:140,FMN
403610612,A:PHE:55,Vacant
441653965,A:GLY:11,FMN
540611123,A:LYS:75,FMN
224769877,A:LEU:289,Vacant
218677152,A:PHE:101,FMN
483228780,A:PRO:212,Vacant
77633948,A:ASN:98,Vacant
423355489,A:PHE:404,Vacant
206081151,A:PRO:380,Vacant
410260211,A:THR:96,Vacant
452841247,A:VAL:170,Vacant
63997999,A:THR:170,FMN
370697643,A:THR:15,FAD
125792205,A:ILE:381,FAD
296672471,A:ALA:44,Vacant
291351921,A:GLU:87,FAD
124862240,A:SER:367,FMN
58986249,A:TYR:379,Vacant
120325297,A:PHE:292,FMN
124530633,A:ARG:333,FMN
89595951,A:LEU:125,Vacant
143532030,A:THR:26,Vacant
27359990,A:VAL:88,FMN
92783677,A:LYS:85,FMN
175547870,A:LYS:154,FMN
76755120,A:ASP:23,FMN
392823255,A:LYS:297,FMN
389105778,A:ILE:565,Vacant
90162709,A:ALA:27,FMN
372568560,A:LEU:240,Vacant
111514259,A:LYS:318,Vacant
138746461,A:PHE:346,Vacant
57842644,A:THR:405,Vacant
149731599,A:ILE:98,FMN
94438833,A:GLN:11,FMN
383187,A:PRO:426,FMN
215616685,A:PHE:54,Vacant
513434085,A:ASP:142,FMN
484271879,A:PHE:28,Vacant
238963052,A:ALA:83,FMN
343375396,A:LEU:239,Vacant
267735192,A:LEU:154,FAD
223745392,A:LEU:55,Vacant
512207216,A:GLU:106,Vacant
30069640,A:SER:8,FAD
532500945,A:GLU:15,FMN
118403050,A:ASP:57,FMN
96756796,A:PRO:331,Vacant
51300695,A:LYS:247,FMN
248716876,A:GLY:70,FMN
51595442,A:GLU:65,Vacant
518524590,A:VAL:186,FAD
189454983,A:TYR:103,FMN
449710106,A:MET:216,Vacant
202042454,A:MET:363,Vacant
225269451,A:ILE:112,FMN
215969960,A:TRP:352,FAD
530965091,A:LEU:64,Vacant
494063786,A:GLN:68,Vacant
464763844,A:GLY:10,FAD
197838989,A:LEU:104,Vacant
31334458,A:ALA:142,Vacant
61167386,A:HIS:44,Vacant
473701003,A:PHE:8,Vacant
439507375,A:ARG:109,FMN
49993375,A:VAL:22,FAD
109664249,A:VAL:330,FAD
127239973,A:GLY:12,FMN
139490486,A:LEU:205,FAD
143532030,A:VAL:50,Vacant
273739495,A:GLU:9,FMN
245446843,A:SER:202,FMN
497258197,A:THR:135,FMN
154052383,A:SER:13,Vacant
514158062,A:LEU:246,Vacant
106928160,A:GLY:70,FMN
473701003,A:PRO:55,FMN
447246362,A:LYS:95,FMN
246514103,A:ARG:426,Vacant
28719723,A:MET:277,Vacant
492067606,A:PHE:143,Vacant
8705756,A:LEU:103,FMN
313501200,A:LYS:87,FMN
357150317,A:PHE:551,Vacant
109360883,A:TYR:130,FAD
451186419,A:ARG:134,FAD
233250297,A:ILE:218,Vacant
30069640,A:ASP:255,Vacant
76047428,A:THR:79,Vacant
403600369,A:MET:80,Vacant
516548355,A:GLY:174,Vacant
404446404,A:GLN:111,Vacant
26349282,A:GLN:50,FMN
74042797,A:TYR:78,FMN
55955903,A:LYS:313,FAD
107978470,A:THR:98,FMN
A0A125RY23,A:GLU:304,FAD
322421431,A:GLN:41,FAD
Q5NLA1,A:SER:313,Vacant
380586754,A:TYR:30,Vacant
350359741,A:VAL:464,Vacant
125792205,A:HIS:132,FMN
478513266,A:VAL:329,Vacant
127395720,A:ARG:20,FMN
186721533,A:PHE:184,Vacant
45942047,A:ILE:105,Vacant
445267865,A:ARG:63,FMN
325963686,A:GLU:384,FAD
328276803,A:TYR:95,FMN
352536825,A:GLN:368,Vacant
108267648,A:LEU:109,FMN
B8G5D6,A:ARG:352,FMN
53404962,A:GLY:265,FAD
351286708,A:GLY:278,FMN
455301770,A:SER:214,Vacant
1598836,A:ARG:96,FMN
424543166,A:ASP:310,FAD
22556589,A:LEU:88,FMN
275985243,A:ILE:15,Vacant
488540978,A:ARG:40,FAD
215616685,A:ILE:29,Vacant
350627625,A:PRO:102,FMN
77212430,A:THR:262,Vacant
82287731,A:GLU:248,FAD
367160523,A:VAL:59,Vacant
20654608,A:PHE:82,Vacant
476447307,A:TYR:392,FAD
245383585,A:ASP:88,FMN
58437348,A:ASN:320,FAD
317854627,A:ARG:484,Vacant
434781328,A:ARG:51,FMN
42264382,A:PHE:55,Vacant
238787926,A:TYR:194,FAD
B0JDW3,A:SER:187,Vacant
445401946,A:TRP:31,FMN
355576228,A:SER:69,FMN
454546777,A:ILE:23,Vacant
497971895,A:ARG:136,FMN
225598303,A:HIS:366,FAD
5099393,A:ARG:16,FMN
67830464,A:GLN:72,FAD
28719723,A:ALA:105,FAD
288269507,A:THR:44,FMN
378506313,A:ASN:103,FMN
207066579,A:VAL:74,FMN
160822550,A:ASN:50,FMN
245679359,A:HIS:305,FAD
129717745,A:VAL:65,Vacant
91231130,A:GLN:35,FMN
217294980,A:ARG:182,Vacant
263073772,A:GLU:333,FAD
352536825,A:HIS:248,FMN
497077768,A:VAL:403,Vacant
223129594,A:TYR:117,FMN
52776246,A:ASP:177,Vacant
168688639,A:ASP:60,FMN
178064703,A:GLU:3,FMN
404830199,A:LEU:220,FMN
330505845,A:ASN:174,FAD
491780329,A:PHE:9,FMN
515119363,A:ASP:108,Vacant
106893250,A:GLU:189,Vacant
154206354,A:ILE:26,Vacant
403697450,A:VAL:254,Vacant
475260566,A:TYR:421,Vacant
451186419,A:GLN:174,Vacant
374443330,A:THR:317,Vacant
339215566,A:ARG:101,FMN
137289099,A:MET:24,FMN
239407727,A:THR:46,Vacant
493006344,A:THR:210,FMN
467658976,A:LEU:169,Vacant
182272756,A:GLU:61,Vacant
82259080,A:HIS:31,Vacant
376349668,A:GLU:142,Vacant
329957366,A:HIS:132,Vacant
181517341,A:ALA:203,FAD
O31246,A:GLN:97,FMN
496797972,A:LEU:368,Vacant
349057207,A:GLY:324,FAD
278194621,A:ASN:751,FAD
404601382,A:GLY:79,FAD
83061614,A:PHE:322,FAD
168171702,A:LEU:199,Vacant
455198653,A:TRP:342,Vacant
50087692,A:LEU:53,FMN
11789413,A:ALA:133,FMN
532500945,A:CYS:44,FMN
295771941,A:GLY:363,Vacant
149322859,A:GLN:342,Vacant
37611214,A:ALA:2,Vacant
43512051,A:ALA:243,FMN
452208565,A:ASN:3,FMN
36663685,A:PHE:320,FAD
175584783,A:ASP:4,FMN
314464604,A:TYR:95,FMN
71796368,A:ARG:69,FMN
311754120,A:ALA:142,Vacant
506795290,A:PHE:90,Vacant
432409763,A:PHE:52,Vacant
80979418,A:TYR:443,Vacant
169808853,A:PHE:186,Vacant
457821231,A:ILE:19,FAD
530172042,A:MET:282,Vacant
452208565,A:HIS:11,FMN
468867532,A:TYR:95,FMN
57743070,A:GLN:147,FAD
114419104,A:ASN:239,FMN
455198653,A:GLY:196,FMN
134189607,A:TRP:576,FMN
463351004,A:ASP:288,FAD
516270450,A:LYS:426,FAD
187250765,A:MET:12,FMN
515119363,A:ASP:208,FAD
206834560,A:ARG:339,FAD
221975752,A:ASP:307,Vacant
202869804,A:SER:266,FMN
289470099,A:ARG:78,FMN
56698106,A:SER:167,FMN
134189607,A:GLN:677,FAD
5099393,A:LEU:37,Vacant
417867507,A:PHE:77,FMN
401083028,A:LYS:1,Vacant
339103140,A:LEU:66,Vacant
317401062,A:ARG:185,FMN
441293417,A:SER:106,Vacant
10705807,A:GLU:238,Vacant
Q1LDQ5,A:TYR:183,Vacant
314370864,A:TYR:89,FMN
181109863,A:PRO:68,FAD
428857580,A:ARG:33,FAD
363371437,A:THR:46,FAD
477012344,A:SER:76,FMN
318430691,A:GLU:163,Vacant
116572273,A:ASP:266,Vacant
221339322,A:LEU:93,Vacant
149139061,A:ASN:373,Vacant
521906682,A:SER:295,FAD
409164437,A:THR:7,Vacant
395031706,A:ASP:157,FAD
439468585,A:ASP:312,FAD
225014314,A:SER:103,FMN
34028236,A:ARG:64,FAD
171466201,A:VAL:44,Vacant
278547305,A:ALA:157,FMN
465829740,A:MET:159,Vacant
474196143,A:THR:284,Vacant
135928275,A:VAL:121,Vacant
127395720,A:ILE:164,FAD
219438326,A:PHE:514,Vacant
526475834,A:PRO:46,FMN
249387061,A:TYR:151,FMN
238945072,A:PHE:67,Vacant
363371437,A:ASN:363,Vacant
539503707,A:LEU:244,Vacant
108632695,A:LEU:388,Vacant
3574022,A:GLY:276,Vacant
380117853,A:GLU:114,FMN
239407727,A:SER:317,FAD
182272756,A:GLN:12,FMN
535868972,A:GLN:169,FMN
122826571,A:ARG:79,FMN
107978470,A:GLN:32,FMN
389105778,A:ARG:379,FMN
373138418,A:VAL:162,Vacant
188989806,A:TYR:99,FMN
8705756,A:SER:68,FMN
404601382,A:THR:166,FMN
84118190,A:ASN:211,FMN
190671592,A:VAL:149,Vacant
379015055,A:VAL:139,FAD
124530633,A:GLU:346,FAD
513247279,A:GLU:79,Vacant
408046553,A:ASN:22,FMN
272451681,A:ILE:152,Vacant
438798438,A:ILE:274,Vacant
218684400,A:LEU:106,FAD
444418530,A:TYR:141,FMN
319383260,A:ASN:227,FAD
329801934,A:MET:10,Vacant
95647511,A:ASP:252,FAD
126146100,A:ALA:80,FMN
347714917,A:THR:379,FAD
451746262,A:ASP:109,FMN
364811145,A:ALA:60,FAD
453324286,A:ALA:277,Vacant
349829286,A:LEU:200,FAD
323700997,A:SER:111,FAD
518905579,A:GLU:93,FAD
270703491,A:GLN:94,FAD
363745779,A:THR:31,FMN
139894204,A:CYS:50,FMN
115585031,A:ARG:81,FMN
311733489,A:ALA:123,FMN
259495479,A:VAL:206,Vacant
67461850,A:VAL:240,FMN
187911232,A:ARG:68,FMN
27092799,A:ASP:41,FMN
360652090,A:SER:208,Vacant
26349282,A:LYS:175,FMN
154052383,A:LEU:95,Vacant
452841247,A:ILE:82,FAD
300537213,A:GLU:106,Vacant
350627625,A:THR:9,FMN
37603356,A:MET:174,FAD
38040084,A:VAL:138,Vacant
311896239,A:GLY:261,FAD
68740360,A:GLY:59,FMN
529670781,A:ARG:134,FAD
28244910,A:SER:372,FAD
96362523,A:ILE:182,Vacant
493006344,A:LEU:329,FAD
194877311,A:ARG:110,Vacant
373277494,A:THR:311,FAD
403378600,A:ARG:289,FAD
497258197,A:LYS:311,Vacant
61773571,A:GLU:418,FMN
40409002,A:GLU:127,Vacant
430332631,A:TRP:105,Vacant
312255078,A:ALA:226,FAD
322745425,A:TYR:278,FAD
62562582,A:VAL:280,FAD
332223602,A:THR:180,FMN
20654608,A:ILE:7,FMN
114477705,A:ASN:115,FMN
419146295,A:ARG:77,FMN
92760630,A:ALA:62,Vacant
516270450,A:GLY:282,FAD
381507126,A:GLY:344,FMN
146233630,A:LEU:283,FAD
513434085,A:ASP:34,FMN
303735795,A:MET:295,Vacant
231728280,A:PRO:351,Vacant
124862240,A:GLU:253,FAD
193624384,A:THR:82,FMN
459659981,A:THR:403,Vacant
377566249,A:GLU:161,Vacant
85957822,A:ASP:143,Vacant
343411503,A:ILE:156,Vacant
230880903,A:GLU:371,FAD
406728350,A:ASP:383,FAD
266154732,A:ALA:256,FAD
64290423,A:GLY:398,FAD
374544542,A:LYS:300,Vacant
383778104,A:GLU:189,Vacant
139894204,A:PHE:13,FMN
106928160,A:SER:30,FMN
442730590,A:MET:422,Vacant
113392461,A:ARG:252,FAD
B0KAH1,A:ILE:239,Vacant
149322859,A:TRP:24,Vacant
51595442,A:SER:5,FMN
95647511,A:TRP:168,Vacant
200556420,A:THR:17,FMN
208386502,A:THR:81,FMN
475626353,A:ARG:325,Vacant
523746160,A:PHE:95,Vacant
67651057,A:VAL:452,FMN
9072121,A:GLN:127,Vacant
58437348,A:VAL:359,Vacant
446704084,A:ILE:200,Vacant
149731599,A:ARG:41,FMN
466112389,A:SER:35,FMN
455502670,A:VAL:398,FMN
379015055,A:PHE:117,Vacant
82200926,A:PHE:509,Vacant
71233094,A:GLY:53,FMN
265144122,A:HIS:315,FMN
65999646,A:PRO:89,FMN
403378600,A:ALA:537,Vacant
43512051,A:VAL:266,Vacant
335666479,A:LEU:280,Vacant
39128106,A:GLU:98,FMN
146215628,A:SER:317,FAD
75934523,A:PHE:81,FMN
327952851,A:ARG:80,FMN
340326589,A:MET:1,Vacant
503526742,A:VAL:124,Vacant
185323765,A:ALA:171,FAD
280602381,A:THR:405,Vacant
375982863,A:GLY:302,FMN
377470362,A:ALA:322,Vacant
372235342,A:ASP:55,Vacant
117502717,A:PHE:108,FMN
57842644,A:ARG:132,Vacant
135656449,A:LYS:43,FMN
343629113,A:LEU:349,Vacant
423528081,A:TRP:150,Vacant
417025312,A:ALA:653,FAD
171466201,A:CYS:513,FMN
302091459,A:ASN:34,FMN
263284045,A:ARG:188,Vacant
135629419,A:LEU:278,Vacant
207376699,A:TYR:232,FMN
494604865,A:ARG:545,Vacant
531281674,A:SER:16,FMN
138871051,A:LYS:133,FMN
312255078,A:PHE:285,Vacant
491780329,A:GLY:336,FAD
326277995,A:LEU:312,Vacant
57842644,A:MET:401,FAD
455198653,A:LEU:432,Vacant
299535949,A:ASP:228,FAD
92783677,A:SER:54,FAD
451746262,A:THR:34,FMN
432326845,A:TYR:100,FMN
312107664,A:ASP:92,FAD
235273499,A:ALA:33,Vacant
272451681,A:THR:170,FAD
452056827,A:ILE:80,Vacant
403600369,A:ASP:111,Vacant
331424109,A:THR:17,Vacant
320121014,A:THR:215,FMN
339770696,A:TYR:169,FMN
137289099,A:VAL:63,FMN
530923865,A:HIS:67,FAD
292130187,A:PRO:405,FAD
197163925,A:PRO:237,Vacant
197230831,A:TRP:343,Vacant
344590443,A:MET:138,Vacant
42352045,A:GLU:112,FMN
230880903,A:HIS:117,FAD
188989806,A:GLU:121,Vacant
419146295,A:HIS:187,Vacant
490445002,A:GLU:108,FMN
477012344,A:ILE:28,Vacant
420874773,A:SER:141,FMN
459659981,A:ASN:12,Vacant
81835442,A:ILE:7,Vacant
527376792,A:SER:117,FMN
397837724,A:THR:144,FAD
229046200,A:GLY:13,FAD
392912886,A:ARG:327,FMN
42494339,A:ARG:203,FAD
377470362,A:HIS:108,FAD
138871051,A:MET:60,FMN
445447939,A:ILE:105,Vacant
314126939,A:GLN:31,FMN
31334458,A:LEU:8,FMN
265363222,A:LYS:147,Vacant
190399151,A:LEU:214,Vacant
263261907,A:ASN:397,FAD
348343678,A:SER:123,FMN
314370864,A:GLY:156,FAD
314430593,A:ASN:33,FMN
157974772,A:ASN:120,Vacant
80710586,A:GLY:127,FAD
486204909,A:ARG:141,Vacant
A0A248QE08,A:LEU:173,FAD
305836211,A:ALA:11,FMN
455301770,A:TRP:232,Vacant
152125317,A:ILE:112,Vacant
334956139,A:MET:116,Vacant
51233783,A:ASP:124,FMN
514365824,A:ILE:61,FAD
73029090,A:ASP:271,Vacant
445913444,A:GLY:60,FMN
434874344,A:ASN:225,FAD
85957822,A:GLY:140,FMN
527712201,A:ARG:55,FMN
92760630,A:ILE:68,Vacant
265144122,A:GLY:323,FAD
313039667,A:LEU:138,FMN
170766739,A:PHE:94,FMN
105376874,A:ARG:51,FMN
266154732,A:THR:344,FAD
352201787,A:THR:101,FMN
219328999,A:THR:158,Vacant
339770696,A:VAL:116,Vacant
A0A8A1QR26,A:SER:171,FAD
449064425,A:GLU:401,Vacant
22556589,A:TRP:43,FMN
432409763,A:ASP:53,FMN
42352045,A:HIS:21,FMN
530021737,A:GLU:77,FMN
383246797,A:THR:223,FMN
493882142,A:ILE:269,Vacant
372340228,A:ASN:52,FMN
265363222,A:SER:56,FMN
279542561,A:TRP:13,FMN
48934379,A:ASN:41,FMN
154492702,A:TRP:127,Vacant
65721940,A:ARG:43,FMN
290861039,A:ARG:26,FMN
505469065,A:VAL:1,Vacant
260370357,A:ASP:62,FMN
38218013,A:TYR:189,Vacant
171367567,A:ILE:75,FMN
533583008,A:ALA:264,FMN
523080972,A:MET:42,FAD
288023440,A:LEU:45,FAD
263073772,A:LEU:203,Vacant
136617597,A:THR:65,FMN
413427787,A:MET:133,Vacant
24478479,A:LEU:414,Vacant
124281441,A:GLN:14,Vacant
257844717,A:THR:403,FMN
106893250,A:GLN:187,Vacant
302223851,A:PRO:78,FAD
327316949,A:TYR:103,FMN
122414363,A:LEU:425,Vacant
243576625,A:LYS:280,FMN
102774811,A:GLU:91,Vacant
43528210,A:GLU:98,Vacant
335666479,A:GLY:10,FMN
290861039,A:PHE:70,FMN
247134817,A:ASP:90,FMN
464763844,A:ARG:61,FMN
80178555,A:PRO:104,FMN
235273499,A:SER:301,FAD
B8G5D6,A:LEU:43,Vacant
242467352,A:ARG:72,FMN
83940755,A:THR:190,Vacant
106538431,A:LYS:107,Vacant
369748344,A:HIS:333,FAD
396361381,A:SER:110,FMN
166072603,A:ASN:75,FMN
288269507,A:ASP:16,FMN
292213728,A:TYR:12,FMN
212333432,A:GLN:178,Vacant
343411503,A:TRP:257,FAD
273739495,A:ARG:75,FMN
89595951,A:LEU:171,Vacant
338254639,A:LEU:49,FAD
498152608,A:VAL:213,Vacant
370887136,A:VAL:71,FMN
486631806,A:PHE:50,FAD
37611214,A:GLY:93,FMN
439507375,A:LEU:261,Vacant
303558176,A:ILE:274,FAD
540611123,A:GLN:112,FMN
497087131,A:ASN:197,FAD
131929430,A:GLU:432,FMN
49422347,A:ARG:2,FMN
345824679,A:LEU:13,Vacant
496579841,A:PRO:247,FAD
314004701,A:THR:4,FMN
198146244,A:MET:24,Vacant
446704084,A:LEU:70,FMN
242178505,A:HIS:58,FMN
58437348,A:PHE:109,Vacant
49422347,A:GLU:119,Vacant
211052075,A:PHE:247,Vacant
278206614,A:THR:52,FMN
474244661,A:LEU:54,Vacant
60641165,A:SER:61,FMN
56698106,A:GLY:257,FAD
49422347,A:CYS:112,Vacant
52281212,A:LYS:189,FAD
221410507,A:TRP:406,Vacant
5099393,A:GLY:186,Vacant
518524590,A:VAL:182,Vacant
509299210,A:MET:347,FAD
85576803,A:SER:294,FMN
349057207,A:PRO:305,Vacant
509299210,A:LEU:384,Vacant
53404962,A:ARG:383,FMN
348513841,A:MET:558,Vacant
350627625,A:ILE:122,Vacant
157124883,A:ASP:114,Vacant
11789413,A:ALA:129,Vacant
154492702,A:ALA:107,Vacant
436233534,A:THR:138,Vacant
367386625,A:PRO:166,FAD
120195961,A:TRP:94,Vacant
182231416,A:ASP:76,FMN
523746160,A:GLY:25,Vacant
175861325,A:VAL:388,Vacant
401495804,A:VAL:340,Vacant
83061614,A:ASP:221,Vacant
332030857,A:SER:57,FMN
327952851,A:ARG:87,Vacant
178064703,A:MET:274,Vacant
257844717,A:LYS:391,FMN
493006344,A:LEU:13,Vacant
516548355,A:THR:155,FMN
432326845,A:ARG:220,FAD
95485301,A:HIS:77,FMN
80178555,A:MET:305,FAD
366060019,A:ASN:477,FAD
475008207,A:ARG:165,FMN
69928109,A:ARG:149,FMN
280312891,A:ALA:60,FMN
198867504,A:PHE:24,FMN
102279467,A:ILE:152,FMN
512207216,A:PHE:283,Vacant
521906682,A:ARG:248,Vacant
326277995,A:ASN:454,FAD
311754120,A:LEU:51,Vacant
444418530,A:ILE:113,FMN
36174217,A:GLY:291,FMN
135928275,A:ILE:2,Vacant
A8JHB7,A:SER:129,FAD
221976423,A:ARG:299,FMN
409121054,A:GLU:81,FAD
175861325,A:TYR:106,Vacant
347714917,A:ALA:456,Vacant
221078748,A:VAL:121,FMN
448672744,A:THR:21,FMN
177557481,A:THR:255,FMN
473701003,A:PRO:86,FMN
53730462,A:PRO:197,Vacant
33912458,A:HIS:151,FMN
199708662,A:GLY:239,FAD
415352113,A:GLU:91,FMN
243261079,A:GLU:211,FMN
144933297,A:GLU:432,FAD
316288404,A:ARG:68,FAD
228826274,A:VAL:44,Vacant
127395720,A:VAL:176,FMN
305357126,A:GLU:192,FMN
394999589,A:THR:136,FMN
247736176,A:ASP:36,Vacant
253717507,A:GLU:23,FMN
454668112,A:THR:45,FMN
243261079,A:HIS:97,FMN
57743070,A:LYS:239,Vacant
300646514,A:CYS:23,FAD
5601448,A:GLN:7,FMN
396361381,A:VAL:92,Vacant
9473870,A:ASN:149,FMN
454668112,A:PHE:295,Vacant
180149853,A:ASP:142,FMN
486631806,A:LEU:78,Vacant
36011942,A:TYR:93,Vacant
323374190,A:LYS:52,FMN
310799499,A:PHE:151,FMN
354379553,A:ARG:427,FMN
307824110,A:ARG:130,FAD
434874344,A:ARG:78,FMN
296365706,A:ILE:67,FAD
405084432,A:ILE:177,FMN
100660032,A:MET:57,Vacant
333444695,A:ARG:324,FAD
534403135,A:ASP:86,FMN
449351935,A:ARG:384,Vacant
415433912,A:ARG:341,FMN
111237316,A:PRO:206,FMN
288175026,A:ARG:330,FAD
137289099,A:ASP:84,FMN
119878532,A:ALA:181,FAD
60641165,A:CYS:22,FMN
222289624,A:THR:67,FMN
58208332,A:THR:100,Vacant
27092799,A:PHE:78,FMN
259174325,A:SER:71,Vacant
436233534,A:HIS:27,Vacant
497258197,A:PHE:81,FAD
61773571,A:LEU:71,Vacant
398451313,A:LYS:298,FMN
224769877,A:THR:188,FAD
66654688,A:SER:31,FMN
171466201,A:VAL:150,FMN
119747725,A:ASP:104,FMN
132382665,A:ALA:48,Vacant
39596859,A:ALA:82,FAD
144617581,A:ASP:282,FAD
354379553,A:ALA:217,FAD
430332631,A:ALA:79,FAD
141583383,A:ILE:11,Vacant
282309377,A:MET:286,FMN
521324260,A:ASP:112,Vacant
89637857,A:ARG:109,FMN
60202917,A:ASP:94,FMN
158278097,A:ILE:321,FMN
421906553,A:GLY:435,Vacant
446583079,A:SER:115,FMN
36433119,A:ILE:75,Vacant
274463223,A:TYR:33,Vacant
425432751,A:ARG:136,FMN
115585031,A:THR:125,FMN
350821305,A:ARG:254,FMN
43111657,A:MET:216,Vacant
249212175,A:TYR:212,FAD
400079438,A:VAL:64,FAD
504541123,A:ASN:290,FMN
65721940,A:GLU:86,FMN
116572273,A:PHE:212,Vacant
250912571,A:ARG:96,FMN
33596321,A:ASP:348,FAD
475598212,A:PHE:157,FMN
218848720,A:ASP:216,Vacant
362454221,A:GLU:183,FMN
438798438,A:PRO:294,FMN
420874773,A:ASN:19,FMN
325922357,A:PHE:420,Vacant
226376589,A:GLN:98,FMN
519447832,A:TRP:35,FMN
170243992,A:PHE:13,FMN
440064938,A:ASP:277,FAD
318430691,A:SER:229,FMN
45942047,A:PHE:223,FAD
73029090,A:ILE:134,FAD
303735795,A:VAL:324,FAD
243832631,A:GLY:137,FMN
406753712,A:ARG:415,Vacant
295054794,A:THR:9,FMN
276324987,A:ASP:301,FAD
474196143,A:THR:295,Vacant
424681336,A:ARG:62,FMN
438264345,A:ILE:105,Vacant
170243992,A:LEU:34,Vacant
478685389,A:LEU:73,FMN
87601385,A:HIS:132,Vacant
111522912,A:ALA:67,FMN
501806778,A:LEU:87,Vacant
313501200,A:ARG:94,FMN
256822958,A:TYR:39,Vacant
357929464,A:MET:295,FMN
492648506,A:LEU:322,Vacant
406753712,A:ASP:150,FAD
117703914,A:ASN:79,FMN
129282258,A:PHE:220,Vacant
380586754,A:LEU:239,Vacant
250912571,A:ARG:193,FAD
329957366,A:TRP:119,Vacant
366878292,A:LYS:157,Vacant
383246797,A:PRO:15,FAD
237690992,A:ARG:301,FAD
189052546,A:MET:1,FMN
212645618,A:THR:223,Vacant
53404962,A:LEU:39,Vacant
532500945,A:LYS:56,FMN
35864910,A:MET:54,FMN
457821231,A:TRP:91,Vacant
293198074,A:TYR:84,FMN
126661923,A:GLY:221,FAD
335288465,A:VAL:46,Vacant
178006135,A:ARG:174,Vacant
238103191,A:GLU:201,Vacant
335288465,A:ALA:79,Vacant
203529850,A:SER:88,FMN
312107664,A:SER:342,FAD
167867892,A:TYR:15,FMN
303558176,A:GLU:160,Vacant
240671914,A:GLU:12,Vacant
423528081,A:VAL:211,Vacant
81835442,A:VAL:89,Vacant
540508311,A:ALA:360,FMN
449101758,A:ARG:195,FMN
511601575,A:ASP:350,FMN
429564627,A:PRO:75,FAD
344696568,A:ILE:8,FMN
477487926,A:TRP:241,Vacant
450902512,A:VAL:74,FMN
434895815,A:ASP:87,Vacant
72149531,A:LEU:1,Vacant
288070717,A:TYR:56,Vacant
430332631,A:ARG:35,FMN
454657290,A:HIS:287,Vacant
317854627,A:ILE:384,FAD
221339322,A:ARG:107,Vacant
234057060,A:TRP:161,Vacant
441484921,A:CYS:51,FMN
520833538,A:ASP:3,FMN
107109189,A:VAL:22,Vacant
37123999,A:ALA:213,Vacant
437451621,A:ASP:352,Vacant
509299210,A:ASN:288,FAD
513716589,A:THR:134,FMN
89595951,A:GLU:39,Vacant
181508660,A:PHE:15,FMN
92760630,A:CYS:21,FMN
355664566,A:LYS:87,Vacant
292130187,A:TYR:161,FMN
154827438,A:PHE:44,Vacant
51300695,A:SER:263,FAD
217294980,A:VAL:106,Vacant
28224313,A:LYS:99,Vacant
123505592,A:ALA:35,FMN
76426760,A:ASP:84,FAD
65453894,A:GLN:45,FAD
445913444,A:VAL:48,Vacant
261149638,A:ARG:162,FMN
451529982,A:ILE:409,FAD
188425813,A:SER:116,FAD
392823255,A:GLY:72,FAD
34028236,A:LEU:267,Vacant
203141947,A:GLU:311,FAD
108461324,A:LYS:555,Vacant
173723126,A:VAL:105,FAD
451746262,A:ILE:50,Vacant
170860501,A:ILE:51,Vacant
90162709,A:LYS:87,Vacant
94438833,A:TRP:143,Vacant
132382665,A:ASN:55,FMN
181517341,A:ASP:35,Vacant
W0T2Q3,A:THR:287,FMN
36663685,A:PHE:14,FAD
404830199,A:ARG:63,FMN
256498056,A:ASP:141,Vacant
246752578,A:GLY:284,FMN
249212175,A:ILE:370,Vacant
419040317,A:ALA:229,FAD
237492210,A:ARG:157,Vacant
89722292,A:TYR:64,Vacant
522287232,A:HIS:11,FMN
71796368,A:ASP:47,FMN
27092799,A:ASN:67,FMN
124203666,A:LEU:339,FMN
492133658,A:ARG:34,FMN
261149638,A:ARG:27,FMN
31312203,A:TYR:219,FAD
343629113,A:LEU:238,Vacant
187250765,A:GLU:76,FMN
77749646,A:ILE:203,FAD
374544542,A:GLN:289,FMN
225014314,A:CYS:189,FMN
84576788,A:PRO:40,Vacant
399538446,A:ASP:132,FMN
445350610,A:VAL:120,FMN
207793563,A:ASN:117,FMN
258977809,A:SER:86,FMN
420314890,A:TYR:58,FMN
376349668,A:PRO:98,FMN
53730462,A:SER:177,FMN
221078748,A:PRO:29,FMN
339215566,A:THR:23,Vacant
226989427,A:LEU:190,Vacant
498152608,A:THR:310,Vacant
417025312,A:LEU:538,Vacant
